Transaction_ID,Actual,Predicted,Fraud_Probability,Amount,Type,Status,Risk_Level
9078,0,0,0.03743105557678161,0.0,PAYMENT,CORRECT,LOW RISK
6491,0,0,0.41712603676245935,39511.0,CASH_IN,CORRECT,MEDIUM RISK
10387,0,0,0.03743105557678161,0.0,PAYMENT,CORRECT,LOW RISK
17677,0,0,0.033585255825610644,82578.02,CASH_IN,CORRECT,LOW RISK
3230,0,0,0.49503712878649514,6333.0,CASH_IN,CORRECT,MEDIUM RISK
11062,0,0,0.03743105557678161,0.0,PAYMENT,CORRECT,LOW RISK
2308,1,1,0.7615918492667808,118663.0,TRANSFER,CORRECT,HIGH RISK
19713,0,0,0.0011172008154262609,41303.65,CASH_IN,CORRECT,LOW RISK
4439,0,1,0.6431843378101866,3318.0,CASH_OUT,WRONG,MEDIUM RISK
3997,0,1,0.611820869041921,941.0,CASH_OUT,WRONG,MEDIUM RISK
4736,0,1,0.6095912308557253,435.0,CASH_OUT,WRONG,MEDIUM RISK
5308,0,1,0.7095116659588169,20604.0,CASH_OUT,WRONG,HIGH RISK
4932,0,1,0.9572038456246856,18514.0,TRANSFER,WRONG,HIGH RISK
9674,0,0,0.3840437120589104,2792.0,CASH_IN,CORRECT,MEDIUM RISK
1049,1,1,0.5474847668493406,104.0,CASH_IN,CORRECT,MEDIUM RISK
14966,0,0,0.03641431906562459,7393.74,PAYMENT,CORRECT,LOW RISK
9384,0,0,0.12646982155483408,174.0,PAYMENT,CORRECT,LOW RISK
4750,0,1,0.677237597371404,525.0,CASH_OUT,WRONG,MEDIUM RISK
4209,0,1,0.9293101712655155,7529.0,TRANSFER,WRONG,HIGH RISK
3855,0,1,0.6581652025545458,3778.0,CASH_OUT,WRONG,MEDIUM RISK
19373,0,0,0.033344630632077876,167847.91,CASH_IN,CORRECT,LOW RISK
3024,1,1,0.9594785413321979,10139.0,TRANSFER,CORRECT,HIGH RISK
11615,0,0,0.13671782172009983,2162.0,PAYMENT,CORRECT,LOW RISK
5031,0,1,0.5029265444431317,7902.0,CASH_OUT,WRONG,MEDIUM RISK
11302,0,0,0.03743105557678161,0.0,PAYMENT,CORRECT,LOW RISK
12842,0,1,0.5823808295837434,17875.06,CASH_OUT,WRONG,MEDIUM RISK
17805,0,0,0.008627869409962997,547212.93,CASH_IN,CORRECT,LOW RISK
3763,0,1,0.5993681501988993,24687.0,CASH_OUT,WRONG,MEDIUM RISK
16126,0,0,0.009499965924312964,1791.22,PAYMENT,CORRECT,LOW RISK
7200,0,0,0.4953115852685539,64.0,CASH_OUT,CORRECT,MEDIUM RISK
1165,1,1,0.7039411734909458,2543.0,CASH_OUT,CORRECT,HIGH RISK
13706,0,0,0.133300733208737,13163.3,PAYMENT,CORRECT,LOW RISK
10989,0,0,0.03743105557678161,0.0,PAYMENT,CORRECT,LOW RISK
13744,0,0,0.09699099030803078,150259.12,CASH_OUT,CORRECT,LOW RISK
7112,0,0,0.012346003633969158,0.0,CASH_OUT,CORRECT,LOW RISK
636,1,1,0.9507384515729074,8063.0,TRANSFER,CORRECT,HIGH RISK
2597,1,1,0.6078459694892254,3531.0,CASH_OUT,CORRECT,MEDIUM RISK
12192,0,0,0.09348135787240502,6286.0,PAYMENT,CORRECT,LOW RISK
10362,0,0,0.44825331317751205,15011.0,CASH_IN,CORRECT,MEDIUM RISK
9000,0,0,0.03743105557678161,0.0,PAYMENT,CORRECT,LOW RISK
16386,0,0,0.031190064310437755,135.21,PAYMENT,CORRECT,LOW RISK
251,1,1,0.8806025756475647,5576.0,TRANSFER,CORRECT,HIGH RISK
17079,0,0,0.0,256797.45,CASH_OUT,CORRECT,LOW RISK
11196,0,0,0.13921355147453113,98.0,PAYMENT,CORRECT,LOW RISK
2326,1,1,0.5235527651921155,12718.0,CASH_IN,CORRECT,MEDIUM RISK
9415,0,0,0.03743105557678161,0.0,PAYMENT,CORRECT,LOW RISK
10816,0,0,0.06876409518272567,10520.0,PAYMENT,CORRECT,LOW RISK
3487,0,1,0.627469521678125,3862.0,CASH_OUT,WRONG,MEDIUM RISK
90,1,1,0.559874199300538,11401.0,TRANSFER,CORRECT,MEDIUM RISK
9403,0,0,0.03743105557678161,0.0,PAYMENT,CORRECT,LOW RISK
7265,0,1,0.7736140545725809,112652.0,TRANSFER,WRONG,HIGH RISK
19022,0,0,0.019340291653797224,330620.73,CASH_IN,CORRECT,LOW RISK
6721,0,0,0.012346003633969158,0.0,CASH_OUT,CORRECT,LOW RISK
18351,0,0,0.0015458218832828466,157580.24,CASH_IN,CORRECT,LOW RISK
11598,0,0,0.03743105557678161,0.0,PAYMENT,CORRECT,LOW RISK
2115,1,1,0.7173964629084176,15554.0,CASH_OUT,CORRECT,HIGH RISK
2670,1,1,0.7781746729470181,17298.0,CASH_OUT,CORRECT,HIGH RISK
817,1,1,0.6523173257142046,2323.0,CASH_OUT,CORRECT,MEDIUM RISK
5795,0,1,0.6725607384829975,1261.0,CASH_OUT,WRONG,MEDIUM RISK
15235,0,0,0.0015214442012026663,10394.41,PAYMENT,CORRECT,LOW RISK
11442,0,0,0.03743105557678161,0.0,PAYMENT,CORRECT,LOW RISK
481,1,1,0.8509060990486175,911.0,TRANSFER,CORRECT,HIGH RISK
1094,1,1,0.8997409085172992,13782.0,TRANSFER,CORRECT,HIGH RISK
12951,0,0,0.12343732147407811,17392.14,PAYMENT,CORRECT,LOW RISK
17968,0,0,0.042052252453925874,65370.68,CASH_IN,CORRECT,LOW RISK
1226,1,1,0.752557431870526,23522.0,CASH_OUT,CORRECT,HIGH RISK
7314,0,0,0.012346003633969158,0.0,CASH_OUT,CORRECT,LOW RISK
2385,1,1,0.5612643146529325,53.0,CASH_OUT,CORRECT,MEDIUM RISK
15521,0,0,0.08048839193874162,3324.64,PAYMENT,CORRECT,LOW RISK
5277,0,1,0.5221311090564908,1956.0,CASH_IN,WRONG,MEDIUM RISK
3186,0,1,0.7558003200186104,9012.0,CASH_OUT,WRONG,HIGH RISK
7941,0,0,0.48521937459697007,20387.0,CASH_OUT,CORRECT,MEDIUM RISK
11137,0,0,0.03743105557678161,0.0,PAYMENT,CORRECT,LOW RISK
212,1,1,0.8704429178981351,34100.0,TRANSFER,CORRECT,HIGH RISK
8368,0,0,0.43787881535585327,556.0,CASH_IN,CORRECT,MEDIUM RISK
5525,0,1,0.7264730805186478,18895.0,CASH_OUT,WRONG,HIGH RISK
4375,0,1,0.7535501342924187,16358.0,CASH_OUT,WRONG,HIGH RISK
16271,0,0,0.002184396236278098,159668.44,CASH_OUT,CORRECT,LOW RISK
2306,1,1,0.6877838883495536,11774.0,CASH_OUT,CORRECT,MEDIUM RISK
8408,0,1,0.6823711724266814,15334.0,CASH_OUT,WRONG,MEDIUM RISK
12677,0,0,0.06479610404598936,9546.61,PAYMENT,CORRECT,LOW RISK
9346,0,0,0.03743105557678161,0.0,PAYMENT,CORRECT,LOW RISK
12867,0,0,0.13650939010361193,3854.91,PAYMENT,CORRECT,LOW RISK
9834,0,0,0.03743105557678161,0.0,PAYMENT,CORRECT,LOW RISK
11657,0,0,0.3151246987248076,402.0,PAYMENT,CORRECT,MEDIUM RISK
11526,0,0,0.07479934022290442,15103.0,CASH_IN,CORRECT,LOW RISK
6375,0,1,0.6220799089981489,7656.0,CASH_OUT,WRONG,MEDIUM RISK
4949,0,1,0.5029795318806658,8821.0,CASH_IN,WRONG,MEDIUM RISK
14688,0,0,0.17118903578793568,622.24,PAYMENT,CORRECT,LOW RISK
8058,0,0,0.012346003633969158,0.0,CASH_OUT,CORRECT,LOW RISK
19784,0,0,0.07139885376480162,3155.2,CASH_IN,CORRECT,LOW RISK
8118,0,0,0.24393379913568453,29669.0,CASH_OUT,CORRECT,LOW RISK
16996,0,0,0.014934608401669667,6672.61,PAYMENT,CORRECT,LOW RISK
1199,1,1,0.6672151194739986,13822.0,CASH_OUT,CORRECT,MEDIUM RISK
15760,0,0,0.04361876469087296,7769.86,PAYMENT,CORRECT,LOW RISK
7924,0,0,0.23461819441280418,10725.0,CASH_IN,CORRECT,LOW RISK
5641,0,1,0.5456580848225726,73643.0,CASH_OUT,WRONG,MEDIUM RISK
2701,1,1,0.6923429428052269,23133.0,CASH_OUT,CORRECT,MEDIUM RISK
2219,1,1,0.6051127171559818,9620.0,CASH_OUT,CORRECT,MEDIUM RISK
13107,0,0,0.10297695288714363,3388.13,PAYMENT,CORRECT,LOW RISK
8815,0,0,0.012346003633969158,0.0,CASH_OUT,CORRECT,LOW RISK
14949,0,0,0.02149619481666588,5686.3,PAYMENT,CORRECT,LOW RISK
2515,1,0,0.4338549826476558,91010.0,CASH_OUT,WRONG,MEDIUM RISK
13572,0,0,0.17814645833719883,141728.88,CASH_OUT,CORRECT,LOW RISK
14939,0,0,0.008611282683888142,8836.89,PAYMENT,CORRECT,LOW RISK
3,1,1,0.8591435038180013,7050.0,TRANSFER,CORRECT,HIGH RISK
4657,0,1,0.7032190115854939,9469.0,CASH_OUT,WRONG,HIGH RISK
13563,0,0,0.13592806907311167,145683.81,CASH_IN,CORRECT,LOW RISK
19799,0,0,0.0007183762933674295,13984.9,CASH_IN,CORRECT,LOW RISK
17703,0,0,0.05674104347798184,49758.04,CASH_IN,CORRECT,LOW RISK
15884,1,0,0.053695371362564435,2803.61,PAYMENT,WRONG,LOW RISK
14541,0,0,0.2809108103204698,5695.05,DEBIT,CORRECT,LOW RISK
9448,0,0,0.4857531766906572,6700.0,CASH_IN,CORRECT,MEDIUM RISK
17304,0,0,0.0006888664509880695,1373.5,PAYMENT,CORRECT,LOW RISK
4412,0,0,0.39640977083865175,24829.0,CASH_IN,CORRECT,MEDIUM RISK
13104,0,1,0.5208458197276641,46380.03,CASH_OUT,WRONG,MEDIUM RISK
17704,0,0,0.0215870065457167,65579.87,CASH_IN,CORRECT,LOW RISK
211,1,1,0.6867550626658122,12695.0,CASH_OUT,CORRECT,MEDIUM RISK
11940,0,0,0.03743105557678161,0.0,PAYMENT,CORRECT,LOW RISK
804,1,1,0.615267609607555,4133.0,CASH_OUT,CORRECT,MEDIUM RISK
1914,1,1,0.7386746392024744,8899.0,CASH_OUT,CORRECT,HIGH RISK
4496,0,1,0.5284432281338366,153.0,CASH_IN,WRONG,MEDIUM RISK
19723,0,0,0.00018425940726124248,113225.9,CASH_IN,CORRECT,LOW RISK
13695,0,0,0.1642102014147353,3857.64,PAYMENT,CORRECT,LOW RISK
4363,0,1,0.6396936974948396,822.0,CASH_OUT,WRONG,MEDIUM RISK
18536,0,0,0.0015955326993520988,253709.43,CASH_IN,CORRECT,LOW RISK
11175,0,0,0.1629952412216187,1649.0,PAYMENT,CORRECT,LOW RISK
8084,0,0,0.012346003633969158,0.0,CASH_OUT,CORRECT,LOW RISK
18328,0,0,0.015198474040366346,367397.46,CASH_IN,CORRECT,LOW RISK
8787,0,1,0.527693432120708,23459.0,CASH_OUT,WRONG,MEDIUM RISK
17777,0,0,0.0,277865.23,CASH_IN,CORRECT,LOW RISK
7067,0,1,0.8738110334554449,6120.0,TRANSFER,WRONG,HIGH RISK
2945,1,1,0.9318354477669415,18058.0,TRANSFER,CORRECT,HIGH RISK
8438,1,0,0.03743105557678161,0.0,PAYMENT,WRONG,LOW RISK
2018,1,1,0.9254222818050298,15530.0,TRANSFER,CORRECT,HIGH RISK
17585,0,0,0.09073293271356532,11282.01,PAYMENT,CORRECT,LOW RISK
6148,0,1,0.6039428906642607,847.0,CASH_IN,WRONG,MEDIUM RISK
12446,0,0,0.1302697303537004,825.0,PAYMENT,CORRECT,LOW RISK
13320,0,0,0.2348118047463119,48.38,PAYMENT,CORRECT,LOW RISK
16244,0,0,0.12366547837059573,3217.04,PAYMENT,CORRECT,LOW RISK
9446,0,0,0.09033249548675569,6887.0,PAYMENT,CORRECT,LOW RISK
16868,0,0,0.011251894432678074,7970.37,PAYMENT,CORRECT,LOW RISK
7966,0,0,0.012346003633969158,0.0,CASH_OUT,CORRECT,LOW RISK
6765,0,0,0.31644392218272643,3438.0,CASH_IN,CORRECT,MEDIUM RISK
15148,0,0,0.3820060580377428,14460.44,CASH_OUT,CORRECT,MEDIUM RISK
15088,0,0,0.08179167421863981,32956.76,PAYMENT,CORRECT,LOW RISK
15130,0,0,0.022843272996996594,5457.76,PAYMENT,CORRECT,LOW RISK
16402,0,0,0.03128804255517445,66697.33,CASH_OUT,CORRECT,LOW RISK
15442,0,0,0.02223522163389278,8080.94,PAYMENT,CORRECT,LOW RISK
10323,0,0,0.03743105557678161,0.0,PAYMENT,CORRECT,LOW RISK
2601,1,1,0.7386042375340939,8414.0,CASH_OUT,CORRECT,HIGH RISK
9021,0,0,0.11417681975671636,162947.0,CASH_OUT,CORRECT,LOW RISK
18307,0,0,0.010509280897458726,134813.12,CASH_IN,CORRECT,LOW RISK
3145,1,1,0.6617662556910896,600.0,CASH_OUT,CORRECT,MEDIUM RISK
10028,0,0,0.03743105557678161,0.0,PAYMENT,CORRECT,LOW RISK
15676,0,0,0.1982367824332135,20322.39,CASH_IN,CORRECT,LOW RISK
5855,0,1,0.5784907797013801,11928.0,CASH_OUT,WRONG,MEDIUM RISK
19209,0,0,0.015694641865627808,75244.06,CASH_IN,CORRECT,LOW RISK
16361,0,0,0.010962891800744634,14156.05,PAYMENT,CORRECT,LOW RISK
16604,0,0,0.001034274053631327,9294.67,PAYMENT,CORRECT,LOW RISK
9442,0,0,0.2589566362384558,65011.0,CASH_IN,CORRECT,LOW RISK
6300,0,1,0.7164801863303886,9647.0,CASH_OUT,WRONG,HIGH RISK
17400,0,0,0.0,323713.42,CASH_OUT,CORRECT,LOW RISK
571,1,1,0.929279708334726,121.0,TRANSFER,CORRECT,HIGH RISK
7311,0,1,0.5307548961255983,11690.0,CASH_OUT,WRONG,MEDIUM RISK
14556,0,0,0.14511411902419322,5235.56,PAYMENT,CORRECT,LOW RISK
16651,0,0,0.011802343003235172,23331.59,PAYMENT,CORRECT,LOW RISK
9043,0,0,0.03743105557678161,0.0,PAYMENT,CORRECT,LOW RISK
18349,0,0,0.0,234304.37,CASH_IN,CORRECT,LOW RISK
11559,0,0,0.11262400503706461,4699.0,PAYMENT,CORRECT,LOW RISK
10394,0,0,0.012346003633969158,0.0,CASH_OUT,CORRECT,LOW RISK
1938,1,0,0.4903444565423712,3733.0,CASH_IN,WRONG,MEDIUM RISK
18950,0,0,0.06348560775890419,246938.02,CASH_IN,CORRECT,LOW RISK
19762,0,0,0.003380610300595101,11849.11,CASH_IN,CORRECT,LOW RISK
13758,0,0,0.4477242906039915,55262.6,CASH_IN,CORRECT,MEDIUM RISK
11571,0,0,0.03743105557678161,0.0,PAYMENT,CORRECT,LOW RISK
12887,0,0,0.45496142961814157,17624.98,CASH_OUT,CORRECT,MEDIUM RISK
17051,0,0,0.020592403742038835,17420.33,PAYMENT,CORRECT,LOW RISK
3279,0,1,0.6497410919567268,3966.0,CASH_OUT,WRONG,MEDIUM RISK
18590,0,0,0.026934477045354403,146279.59,CASH_IN,CORRECT,LOW RISK
6473,0,0,0.4543349392988258,27815.0,CASH_OUT,CORRECT,MEDIUM RISK
6517,0,1,0.7452477880551125,9828.0,CASH_OUT,WRONG,HIGH RISK
13549,0,0,0.18849568666022193,103268.6,CASH_IN,CORRECT,LOW RISK
16856,0,0,0.002522448671690347,22217.52,PAYMENT,CORRECT,LOW RISK
8375,0,0,0.40283113832761513,4450.0,CASH_IN,CORRECT,MEDIUM RISK
4548,0,0,0.09123497139496978,78501.0,CASH_OUT,CORRECT,LOW RISK
9628,0,0,0.03743105557678161,0.0,PAYMENT,CORRECT,LOW RISK
8061,0,0,0.012346003633969158,0.0,CASH_OUT,CORRECT,LOW RISK
5298,0,1,0.6341368592134684,5856.0,CASH_OUT,WRONG,MEDIUM RISK
4783,0,1,0.6053051780164411,37732.0,CASH_OUT,WRONG,MEDIUM RISK
17582,0,0,0.041812361476476795,50892.01,CASH_IN,CORRECT,LOW RISK
15644,0,0,0.007419142898105844,17405.19,PAYMENT,CORRECT,LOW RISK
10799,0,0,0.03743105557678161,0.0,PAYMENT,CORRECT,LOW RISK
11791,0,0,0.03743105557678161,0.0,PAYMENT,CORRECT,LOW RISK
5861,0,1,0.6193135614943003,8528.0,CASH_OUT,WRONG,MEDIUM RISK
16091,0,0,0.06784125563509637,19227.75,PAYMENT,CORRECT,LOW RISK
13290,0,1,0.6468377183199437,22231.06,CASH_IN,WRONG,MEDIUM RISK
3450,0,0,0.45294654305577536,3395.0,CASH_IN,CORRECT,MEDIUM RISK
7040,0,1,0.5650570142752517,1381.0,CASH_IN,WRONG,MEDIUM RISK
19742,0,0,0.006263277296456312,149910.11,CASH_IN,CORRECT,LOW RISK
1481,1,1,0.5694100404952994,5118.0,CASH_IN,CORRECT,MEDIUM RISK
17301,0,0,0.3795269966031855,112767.14,TRANSFER,CORRECT,MEDIUM RISK
15287,0,0,0.031863938644999486,113387.16,CASH_OUT,CORRECT,LOW RISK
17903,0,0,0.046140332593061044,5455.91,PAYMENT,CORRECT,LOW RISK
8566,0,0,0.03743105557678161,0.0,PAYMENT,CORRECT,LOW RISK
18575,0,0,0.055370433292475436,164116.89,CASH_IN,CORRECT,LOW RISK
13376,0,0,0.40248623644916437,72587.39,CASH_IN,CORRECT,MEDIUM RISK
6696,0,1,0.751196651866163,9162.0,CASH_OUT,WRONG,HIGH RISK
5096,0,1,0.533722840144283,1301.0,CASH_OUT,WRONG,MEDIUM RISK
2286,1,1,0.6452196207813516,4170.0,CASH_OUT,CORRECT,MEDIUM RISK
18778,0,0,0.05630716197754502,208635.62,CASH_IN,CORRECT,LOW RISK
9115,0,0,0.03743105557678161,0.0,PAYMENT,CORRECT,LOW RISK
9726,0,0,0.14031293577512147,316.0,PAYMENT,CORRECT,LOW RISK
9376,0,1,0.6037650506884493,3385.0,CASH_OUT,WRONG,MEDIUM RISK
5954,0,1,0.7183756488147996,11541.0,CASH_OUT,WRONG,HIGH RISK
718,1,1,0.7518980029582235,16474.0,CASH_OUT,CORRECT,HIGH RISK
2791,1,1,0.6818398230752127,661.0,CASH_OUT,CORRECT,MEDIUM RISK
19393,0,0,0.033079886531843725,60307.07,CASH_IN,CORRECT,LOW RISK
9147,0,0,0.03743105557678161,0.0,PAYMENT,CORRECT,LOW RISK
5251,0,0,0.381373955605739,27897.0,CASH_OUT,CORRECT,MEDIUM RISK
1415,1,1,0.7692251451328876,9775.0,CASH_OUT,CORRECT,HIGH RISK
5765,0,1,0.7242750652815362,2715.0,CASH_OUT,WRONG,HIGH RISK
820,1,1,0.8661185565510092,7859.0,TRANSFER,CORRECT,HIGH RISK
16486,0,0,0.0037468513316957462,18249.19,PAYMENT,CORRECT,LOW RISK
12538,0,0,0.03743105557678161,0.0,PAYMENT,CORRECT,LOW RISK
2857,1,1,0.6809097207398018,2584.0,CASH_OUT,CORRECT,MEDIUM RISK
2526,1,1,0.6197728188794812,394.0,CASH_OUT,CORRECT,MEDIUM RISK
12542,0,0,0.0,0.0,DEBIT,CORRECT,LOW RISK
11765,1,0,0.03743105557678161,0.0,PAYMENT,WRONG,LOW RISK
606,1,1,0.9572473859895788,9210.0,TRANSFER,CORRECT,HIGH RISK
1176,1,1,0.6248110487129293,43140.0,CASH_OUT,CORRECT,MEDIUM RISK
13810,0,0,0.3104560954927386,142.68,PAYMENT,CORRECT,MEDIUM RISK
4983,0,1,0.6258615062518722,3826.0,CASH_OUT,WRONG,MEDIUM RISK
14469,0,0,0.13832544645706105,17478.72,PAYMENT,CORRECT,LOW RISK
19493,0,0,0.07380162224958023,160337.57,CASH_IN,CORRECT,LOW RISK
17284,0,0,0.0006888664509880695,919.1,PAYMENT,CORRECT,LOW RISK
15710,0,0,0.02244472445500513,1848.9,PAYMENT,CORRECT,LOW RISK
13921,0,1,0.5365435786479523,230.85,CASH_OUT,WRONG,MEDIUM RISK
10174,0,0,0.03743105557678161,0.0,PAYMENT,CORRECT,LOW RISK
3843,0,0,0.48408809902883654,2525.0,CASH_OUT,CORRECT,MEDIUM RISK
17700,0,0,0.0006132875920711073,193725.3,CASH_IN,CORRECT,LOW RISK
780,1,1,0.5492673346243865,548.0,CASH_IN,CORRECT,MEDIUM RISK
8418,0,0,0.012346003633969158,0.0,CASH_OUT,CORRECT,LOW RISK
15681,0,0,0.03415513286912336,11224.34,PAYMENT,CORRECT,LOW RISK
19480,0,0,0.0919282375699523,94820.43,CASH_IN,CORRECT,LOW RISK
7885,0,1,0.5929204556597667,128.0,CASH_OUT,WRONG,MEDIUM RISK
3394,0,1,0.7284741356527679,7522.0,CASH_OUT,WRONG,HIGH RISK
5008,0,0,0.40143777139362397,32409.0,CASH_IN,CORRECT,MEDIUM RISK
9436,0,0,0.012346003633969158,0.0,CASH_OUT,CORRECT,LOW RISK
955,1,1,0.715833742089831,10999.0,CASH_OUT,CORRECT,HIGH RISK
10848,0,0,0.48616486976137435,8850.0,CASH_IN,CORRECT,MEDIUM RISK
4222,0,1,0.6404721519905813,3947.0,CASH_OUT,WRONG,MEDIUM RISK
12462,0,0,0.03743105557678161,0.0,PAYMENT,CORRECT,LOW RISK
3220,0,1,0.8520597323980519,46.0,TRANSFER,WRONG,HIGH RISK
18263,0,0,0.003002775443707598,181257.99,CASH_IN,CORRECT,LOW RISK
2644,1,1,0.6666625946585738,12856.0,CASH_OUT,CORRECT,MEDIUM RISK
7492,1,1,0.6200323185970761,13815.0,CASH_OUT,CORRECT,MEDIUM RISK
11375,0,0,0.03743105557678161,0.0,PAYMENT,CORRECT,LOW RISK
11995,0,0,0.03743105557678161,0.0,PAYMENT,CORRECT,LOW RISK
4687,0,1,0.9355068665005405,1814.0,TRANSFER,WRONG,HIGH RISK
19584,0,0,0.0036821815476917436,100994.94,CASH_IN,CORRECT,LOW RISK
14197,0,0,0.13488219616815436,1908.47,PAYMENT,CORRECT,LOW RISK
2200,1,1,0.6908610532598247,12333.0,CASH_OUT,CORRECT,MEDIUM RISK
5318,0,1,0.6988806297085827,6310.0,CASH_OUT,WRONG,MEDIUM RISK
2044,1,1,0.6134680753286638,108.0,CASH_OUT,CORRECT,MEDIUM RISK
4998,0,0,0.4774972886672002,7200.0,CASH_OUT,CORRECT,MEDIUM RISK
3034,1,0,0.48060132486870855,6846.0,CASH_OUT,WRONG,MEDIUM RISK
9982,0,0,0.1425898430375524,20153.0,PAYMENT,CORRECT,LOW RISK
2046,1,1,0.7783430055193351,16638.0,CASH_OUT,CORRECT,HIGH RISK
8553,0,0,0.06561014547100315,15089.0,PAYMENT,CORRECT,LOW RISK
19814,0,0,0.015470799408468221,315678.82,CASH_IN,CORRECT,LOW RISK
554,1,1,0.9156238765870903,1550.0,TRANSFER,CORRECT,HIGH RISK
3656,0,1,0.688293090476051,11954.0,CASH_OUT,WRONG,MEDIUM RISK
19150,0,0,0.005019490049712126,43925.63,CASH_IN,CORRECT,LOW RISK
14639,0,0,0.15711192055672168,3664.11,PAYMENT,CORRECT,LOW RISK
4732,0,1,0.6913232071080282,12297.0,CASH_OUT,WRONG,MEDIUM RISK
3762,0,1,0.5729632194143031,636478.0,TRANSFER,WRONG,MEDIUM RISK
5420,0,1,0.595456682649263,2305.0,CASH_OUT,WRONG,MEDIUM RISK
6464,0,1,0.7102129307554091,20745.0,CASH_OUT,WRONG,HIGH RISK
7261,0,1,0.5648487227711737,1126.0,CASH_OUT,WRONG,MEDIUM RISK
8242,0,0,0.4620224440519938,382.0,CASH_IN,CORRECT,MEDIUM RISK
15153,0,0,0.4180944519852787,3853.58,DEBIT,CORRECT,MEDIUM RISK
12100,0,0,0.03743105557678161,0.0,PAYMENT,CORRECT,LOW RISK
9336,0,0,0.03743105557678161,0.0,PAYMENT,CORRECT,LOW RISK
8958,0,0,0.2927297592637371,15.0,PAYMENT,CORRECT,LOW RISK
16884,0,0,0.010360301076637182,1491.19,PAYMENT,CORRECT,LOW RISK
14030,0,0,0.12793775658464202,13956.49,PAYMENT,CORRECT,LOW RISK
1965,1,1,0.7668722620622268,5651.0,CASH_OUT,CORRECT,HIGH RISK
7763,0,0,0.012346003633969158,0.0,CASH_OUT,CORRECT,LOW RISK
3839,0,1,0.9023592319550643,10229.0,TRANSFER,WRONG,HIGH RISK
5122,0,1,0.7434537741815339,20166.0,CASH_OUT,WRONG,HIGH RISK
13633,0,0,0.21082059305321654,423.8,PAYMENT,CORRECT,LOW RISK
9715,0,1,0.6011846823440026,282.0,CASH_IN,WRONG,MEDIUM RISK
5874,0,1,0.7019783800745794,23359.0,CASH_OUT,WRONG,HIGH RISK
6983,0,0,0.484074452235194,4328.0,CASH_IN,CORRECT,MEDIUM RISK
10031,0,0,0.10112201243393805,7704.0,PAYMENT,CORRECT,LOW RISK
4485,0,1,0.6915450797824714,648.0,CASH_OUT,WRONG,MEDIUM RISK
5916,0,1,0.7548573227712312,19311.0,CASH_OUT,WRONG,HIGH RISK
7614,0,0,0.03743105557678161,0.0,PAYMENT,CORRECT,LOW RISK
4368,0,1,0.7464752914649257,4638.0,CASH_OUT,WRONG,HIGH RISK
3529,0,1,0.7089437516020781,15770.0,CASH_OUT,WRONG,HIGH RISK
18920,0,0,0.04033653084608495,25298.33,CASH_IN,CORRECT,LOW RISK
6229,0,1,0.5325500712543285,24284.0,CASH_OUT,WRONG,MEDIUM RISK
6774,0,0,0.012346003633969158,0.0,CASH_OUT,CORRECT,LOW RISK
14708,0,0,0.059690063591639274,167036.15,CASH_IN,CORRECT,LOW RISK
14442,0,0,0.3914946109742556,23344.47,CASH_OUT,CORRECT,MEDIUM RISK
1703,1,1,0.9464660648851371,124.0,TRANSFER,CORRECT,HIGH RISK
11989,0,1,0.6145032225369602,95.0,CASH_OUT,WRONG,MEDIUM RISK
11629,0,0,0.03743105557678161,0.0,PAYMENT,CORRECT,LOW RISK
19092,0,0,0.050565034069344976,196418.63,CASH_IN,CORRECT,LOW RISK
15636,0,0,0.05050999462730151,8272.59,PAYMENT,CORRECT,LOW RISK
5223,0,1,0.6886137051055726,5390.0,CASH_OUT,WRONG,MEDIUM RISK
9995,0,0,0.12083504525446744,1115.0,PAYMENT,CORRECT,LOW RISK
10651,0,0,0.13666862006019195,634.0,PAYMENT,CORRECT,LOW RISK
14866,0,0,0.03537903639096494,7701.73,PAYMENT,CORRECT,LOW RISK
1836,1,1,0.7001805149318703,22378.0,CASH_OUT,CORRECT,HIGH RISK
9734,0,0,0.150526811126631,938.0,PAYMENT,CORRECT,LOW RISK
8187,0,0,0.012346003633969158,0.0,CASH_OUT,CORRECT,LOW RISK
13415,0,0,0.12704120917485365,9133.2,PAYMENT,CORRECT,LOW RISK
15194,0,0,0.02148140122974638,9565.33,PAYMENT,CORRECT,LOW RISK
17093,0,0,0.0012111925830102543,151919.9,CASH_IN,CORRECT,LOW RISK
1402,1,1,0.5752301735609668,6344.0,CASH_OUT,CORRECT,MEDIUM RISK
13398,0,0,0.09802230756184717,3191.24,PAYMENT,CORRECT,LOW RISK
4850,0,0,0.24402911163725066,2679.0,CASH_OUT,CORRECT,LOW RISK
4650,0,1,0.6401903074240672,24527.0,CASH_OUT,WRONG,MEDIUM RISK
18032,0,0,0.035506938036714474,67338.39,CASH_IN,CORRECT,LOW RISK
14026,0,0,0.14030333110520513,8079.07,PAYMENT,CORRECT,LOW RISK
3995,0,0,0.26523124364495176,13232.0,CASH_OUT,CORRECT,LOW RISK
7435,0,0,0.3626035206925278,50087.0,CASH_OUT,CORRECT,MEDIUM RISK
848,1,1,0.6355917364112087,6820.0,CASH_OUT,CORRECT,MEDIUM RISK
10511,0,0,0.03743105557678161,0.0,PAYMENT,CORRECT,LOW RISK
6804,0,1,0.5313952089694632,1375.0,CASH_OUT,WRONG,MEDIUM RISK
14599,0,0,0.06374037541684055,75947.34,CASH_OUT,CORRECT,LOW RISK
6712,0,0,0.0,0.0,TRANSFER,CORRECT,LOW RISK
17036,0,0,0.004158280593496131,2580.26,PAYMENT,CORRECT,LOW RISK
13051,0,0,0.14460381203813066,201726.93,CASH_OUT,CORRECT,LOW RISK
4688,0,0,0.260897848629102,49089.0,CASH_IN,CORRECT,LOW RISK
9660,0,0,0.03743105557678161,0.0,PAYMENT,CORRECT,LOW RISK
2091,1,1,0.7030125337041032,6943.0,CASH_OUT,CORRECT,HIGH RISK
4762,0,1,0.7329528029049776,16468.0,CASH_OUT,WRONG,HIGH RISK
14148,0,0,0.3774436237518916,22302.34,CASH_OUT,CORRECT,MEDIUM RISK
5437,0,1,0.6444302034680143,12356.0,CASH_OUT,WRONG,MEDIUM RISK
15985,0,0,0.004627104543486874,223997.41,CASH_OUT,CORRECT,LOW RISK
10282,0,0,0.012346003633969158,0.0,CASH_OUT,CORRECT,LOW RISK
13308,0,0,0.180229927066432,19744.06,PAYMENT,CORRECT,LOW RISK
11170,0,0,0.03743105557678161,0.0,PAYMENT,CORRECT,LOW RISK
4446,0,1,0.5285096114086145,1249.0,CASH_IN,WRONG,MEDIUM RISK
3547,0,1,0.7308236801098211,22321.0,CASH_OUT,WRONG,HIGH RISK
6744,0,1,0.6530466656158878,8376.0,CASH_OUT,WRONG,MEDIUM RISK
15096,0,0,0.035119070306932156,4289.28,PAYMENT,CORRECT,LOW RISK
426,1,1,0.7431846723939721,10634.0,TRANSFER,CORRECT,HIGH RISK
15122,0,0,0.029271247567399655,124466.56,CASH_IN,CORRECT,LOW RISK
15290,0,0,0.07101063913634664,19331.45,PAYMENT,CORRECT,LOW RISK
17133,0,0,0.011360340054353591,2961.65,PAYMENT,CORRECT,LOW RISK
10575,0,0,0.14087771838774577,5157.0,PAYMENT,CORRECT,LOW RISK
12187,0,0,0.03743105557678161,0.0,PAYMENT,CORRECT,LOW RISK
16132,0,0,0.012934917406037028,224118.55,CASH_IN,CORRECT,LOW RISK
18919,0,0,0.0038607229472225457,421285.79,CASH_IN,CORRECT,LOW RISK
18598,0,0,0.009082924316202876,123533.83,CASH_IN,CORRECT,LOW RISK
8133,0,1,0.6030958555135761,217.0,CASH_OUT,WRONG,MEDIUM RISK
6586,0,1,0.6054452487972565,3788.0,CASH_OUT,WRONG,MEDIUM RISK
17372,0,0,0.0035557512281879193,118092.57,CASH_IN,CORRECT,LOW RISK
8611,0,0,0.03743105557678161,0.0,PAYMENT,CORRECT,LOW RISK
3955,0,0,0.49531295677988507,1115.0,CASH_IN,CORRECT,MEDIUM RISK
5174,0,1,0.6990382418061755,3787.0,CASH_OUT,WRONG,MEDIUM RISK
639,1,0,0.44196863989095087,2.0,CASH_IN,WRONG,MEDIUM RISK
17691,0,0,0.020390369259624466,12649.45,PAYMENT,CORRECT,LOW RISK
6040,0,1,0.7506860681985065,7856.0,CASH_OUT,WRONG,HIGH RISK
9843,0,0,0.1268642316951599,66.0,PAYMENT,CORRECT,LOW RISK
3172,0,1,0.6987163530253615,18864.0,CASH_OUT,WRONG,MEDIUM RISK
7652,0,0,0.012346003633969158,0.0,CASH_OUT,CORRECT,LOW RISK
18781,0,0,0.13709119517762797,87607.44,CASH_IN,CORRECT,LOW RISK
3810,0,1,0.5302525769990085,18511.0,CASH_OUT,WRONG,MEDIUM RISK
18788,0,0,0.01833928889255879,35077.23,CASH_IN,CORRECT,LOW RISK
16462,0,0,0.010795646449396757,7370.98,PAYMENT,CORRECT,LOW RISK
14012,0,0,0.13445505949215664,11679.39,PAYMENT,CORRECT,LOW RISK
18886,0,0,0.006125585183203921,326268.42,CASH_IN,CORRECT,LOW RISK
5938,0,0,0.23521976077496706,56869.0,CASH_OUT,CORRECT,LOW RISK
15429,0,0,0.060759711008637717,4696.58,PAYMENT,CORRECT,LOW RISK
11071,0,0,0.03743105557678161,0.0,PAYMENT,CORRECT,LOW RISK
12102,0,0,0.03743105557678161,0.0,PAYMENT,CORRECT,LOW RISK
3066,1,1,0.7465054859687047,5791.0,CASH_OUT,CORRECT,HIGH RISK
14136,0,0,0.16346066961726188,23473.11,PAYMENT,CORRECT,LOW RISK
2507,1,1,0.8913607863616475,2440.0,TRANSFER,CORRECT,HIGH RISK
4178,0,0,0.2245714535486834,15054.0,CASH_OUT,CORRECT,LOW RISK
801,1,1,0.5614965040036476,10117.0,CASH_OUT,CORRECT,MEDIUM RISK
623,1,1,0.9122923830968576,758.0,TRANSFER,CORRECT,HIGH RISK
17173,0,0,0.06236634763735248,40651.61,CASH_IN,CORRECT,LOW RISK
10002,0,0,0.03743105557678161,0.0,PAYMENT,CORRECT,LOW RISK
19450,0,0,0.12790806696599663,301942.99,CASH_IN,CORRECT,LOW RISK
16433,0,0,0.002184396236278098,163077.25,CASH_OUT,CORRECT,LOW RISK
10840,0,0,0.09342934631436967,3936.0,PAYMENT,CORRECT,LOW RISK
14945,0,0,0.07225966778679827,74717.02,CASH_OUT,CORRECT,LOW RISK
18653,0,0,0.036737073295722796,2958.17,CASH_IN,CORRECT,LOW RISK
16687,0,0,0.05439127054464822,50854.59,CASH_OUT,CORRECT,LOW RISK
18531,0,0,0.06846179222594378,53340.94,CASH_IN,CORRECT,LOW RISK
9996,0,0,0.20731113851682095,1464.0,PAYMENT,CORRECT,LOW RISK
16881,0,0,0.002522448671690347,23599.12,PAYMENT,CORRECT,LOW RISK
11311,0,0,0.03743105557678161,0.0,PAYMENT,CORRECT,LOW RISK
17804,0,0,0.032164342869797705,72927.8,CASH_IN,CORRECT,LOW RISK
6718,0,0,0.012346003633969158,0.0,CASH_OUT,CORRECT,LOW RISK
8733,0,0,0.012346003633969158,0.0,CASH_OUT,CORRECT,LOW RISK
18644,0,0,0.013365084958037534,42157.78,CASH_IN,CORRECT,LOW RISK
13145,0,0,0.07524902291113897,3847.52,PAYMENT,CORRECT,LOW RISK
281,1,1,0.9556975458817196,3421.0,TRANSFER,CORRECT,HIGH RISK
17757,0,0,0.025885566302093887,764651.95,CASH_IN,CORRECT,LOW RISK
1343,1,1,0.7469430695287193,15922.0,CASH_OUT,CORRECT,HIGH RISK
2872,1,1,0.6289640352732089,381.0,CASH_OUT,CORRECT,MEDIUM RISK
9252,0,0,0.012346003633969158,0.0,CASH_OUT,CORRECT,LOW RISK
2738,1,1,0.7254776755230092,23181.0,CASH_OUT,CORRECT,HIGH RISK
10460,0,0,0.03743105557678161,0.0,PAYMENT,CORRECT,LOW RISK
16389,0,0,0.016268400577694492,3718.12,PAYMENT,CORRECT,LOW RISK
3425,0,1,0.7351273681598823,16413.0,CASH_OUT,WRONG,HIGH RISK
1093,1,0,0.45795193583185195,23863.0,CASH_OUT,WRONG,MEDIUM RISK
13976,0,0,0.14255480898651882,6790.21,PAYMENT,CORRECT,LOW RISK
9818,0,0,0.1455697915808274,2013.0,PAYMENT,CORRECT,LOW RISK
2400,1,1,0.7591295500978975,16102.0,CASH_OUT,CORRECT,HIGH RISK
10418,0,0,0.03743105557678161,0.0,PAYMENT,CORRECT,LOW RISK
11471,0,0,0.07794247317115544,11696.0,PAYMENT,CORRECT,LOW RISK
3285,0,1,0.9572003058187667,17478.0,TRANSFER,WRONG,HIGH RISK
17447,0,0,0.01344215470908882,3831.77,PAYMENT,CORRECT,LOW RISK
1357,1,1,0.6116574410534921,4869.0,CASH_OUT,CORRECT,MEDIUM RISK
19927,0,0,0.0,205161.73,CASH_IN,CORRECT,LOW RISK
7674,0,1,0.5843138444450858,125.0,CASH_OUT,WRONG,MEDIUM RISK
4003,0,1,0.5608000023660253,12525.0,CASH_OUT,WRONG,MEDIUM RISK
17806,0,0,0.0891166285968542,8212.5,PAYMENT,CORRECT,LOW RISK
4447,0,1,0.53556357831103,5432.0,CASH_IN,WRONG,MEDIUM RISK
3444,0,1,0.6069809304686118,14307.0,CASH_IN,WRONG,MEDIUM RISK
15058,0,0,0.006110415833350797,10561.54,PAYMENT,CORRECT,LOW RISK
7624,0,1,0.5545880155196384,41957.0,CASH_IN,WRONG,MEDIUM RISK
15745,0,0,0.04857705989849797,13119.75,PAYMENT,CORRECT,LOW RISK
10012,0,1,0.6042086050251002,274.0,CASH_OUT,WRONG,MEDIUM RISK
2760,1,1,0.7541852153571281,17190.0,CASH_OUT,CORRECT,HIGH RISK
12157,0,1,0.5135658655241261,24164.0,CASH_IN,WRONG,MEDIUM RISK
3767,0,1,0.7053185557745342,11155.0,CASH_OUT,WRONG,HIGH RISK
10149,0,1,0.5349277234182902,25972.0,CASH_OUT,WRONG,MEDIUM RISK
17140,0,0,0.0,305518.63,CASH_OUT,CORRECT,LOW RISK
11269,0,0,0.03743105557678161,0.0,PAYMENT,CORRECT,LOW RISK
8394,0,0,0.0,0.0,TRANSFER,CORRECT,LOW RISK
4980,0,1,0.6538876213310373,6772.0,CASH_OUT,WRONG,MEDIUM RISK
17722,0,0,0.032505645788984155,70888.01,CASH_IN,CORRECT,LOW RISK
4522,0,1,0.6288594720584215,23057.0,CASH_OUT,WRONG,MEDIUM RISK
13699,0,0,0.10292143549985305,2989.68,PAYMENT,CORRECT,LOW RISK
6615,0,1,0.8721083383183825,9416.0,TRANSFER,WRONG,HIGH RISK
19426,0,0,0.033079886531843725,59264.37,CASH_IN,CORRECT,LOW RISK
5767,1,1,0.6336331891290437,1527.0,CASH_OUT,CORRECT,MEDIUM RISK
2978,1,1,0.7387762027253045,9399.0,CASH_OUT,CORRECT,HIGH RISK
9493,0,0,0.012346003633969158,0.0,CASH_OUT,CORRECT,LOW RISK
3575,0,1,0.9359331472515688,17049.0,TRANSFER,WRONG,HIGH RISK
9682,0,0,0.11685537276985034,3047.0,PAYMENT,CORRECT,LOW RISK
12586,1,1,0.9605827088460295,2451423.58,CASH_OUT,CORRECT,HIGH RISK
3086,1,1,0.7600903655696232,4877.0,CASH_OUT,CORRECT,HIGH RISK
7582,0,0,0.1298882325464749,25958.0,CASH_IN,CORRECT,LOW RISK
14787,0,0,0.09586347667070454,5770.47,PAYMENT,CORRECT,LOW RISK
18286,1,0,0.056237346876269204,611924.5,CASH_IN,WRONG,LOW RISK
19530,0,0,0.024855426512796385,125821.02,CASH_IN,CORRECT,LOW RISK
6901,0,0,0.012346003633969158,0.0,CASH_OUT,CORRECT,LOW RISK
5109,0,1,0.6498161882158965,23003.0,CASH_OUT,WRONG,MEDIUM RISK
6929,0,0,0.012346003633969158,0.0,CASH_OUT,CORRECT,LOW RISK
14700,0,0,0.19958657184655693,21219.6,PAYMENT,CORRECT,LOW RISK
19994,0,0,0.0007901607375979956,122974.86,CASH_IN,CORRECT,LOW RISK
12348,0,0,0.03743105557678161,0.0,PAYMENT,CORRECT,LOW RISK
207,1,1,0.9112446984157033,593.0,TRANSFER,CORRECT,HIGH RISK
16372,0,0,0.011778222964203642,20320.94,PAYMENT,CORRECT,LOW RISK
18583,0,0,0.029650639161100813,432898.19,CASH_IN,CORRECT,LOW RISK
1961,1,1,0.6710616866069846,17684.0,CASH_OUT,CORRECT,MEDIUM RISK
5439,0,1,0.7652922988207567,8581.0,CASH_OUT,WRONG,HIGH RISK
4685,0,0,0.4633323134215673,51273.0,CASH_OUT,CORRECT,MEDIUM RISK
15991,0,0,0.023376799263987356,1956.41,PAYMENT,CORRECT,LOW RISK
15757,0,1,0.72562845943761,143445.07,TRANSFER,WRONG,HIGH RISK
8669,0,0,0.012346003633969158,0.0,CASH_OUT,CORRECT,LOW RISK
5484,0,1,0.8644449105284443,5799.0,TRANSFER,WRONG,HIGH RISK
12811,0,0,0.07114211078630522,9583.06,PAYMENT,CORRECT,LOW RISK
8661,0,0,0.03743105557678161,0.0,PAYMENT,CORRECT,LOW RISK
4841,0,1,0.858527061357998,2540.0,TRANSFER,WRONG,HIGH RISK
1030,1,1,0.8408145258816438,47389.0,TRANSFER,CORRECT,HIGH RISK
12248,0,0,0.03743105557678161,0.0,PAYMENT,CORRECT,LOW RISK
3294,0,1,0.7242482076355873,12752.0,CASH_OUT,WRONG,HIGH RISK
17939,0,0,0.04156227798519626,30548.4,CASH_IN,CORRECT,LOW RISK
19440,0,0,0.0665566300217336,384885.5,CASH_IN,CORRECT,LOW RISK
8369,0,0,0.44486185822902913,55618.0,CASH_OUT,CORRECT,MEDIUM RISK
17227,0,0,0.10246742441475228,25504.93,CASH_OUT,CORRECT,LOW RISK
4492,0,1,0.7259681716424289,23449.0,CASH_OUT,WRONG,HIGH RISK
11243,0,0,0.15651379103694293,230.0,PAYMENT,CORRECT,LOW RISK
14955,0,0,0.04191808372766321,226868.59,CASH_OUT,CORRECT,LOW RISK
6835,0,1,0.6504032476271729,2249.0,CASH_OUT,WRONG,MEDIUM RISK
2429,1,1,0.7272301214730453,9926.0,CASH_OUT,CORRECT,HIGH RISK
12404,0,0,0.03743105557678161,0.0,PAYMENT,CORRECT,LOW RISK
15334,0,0,0.4533906822280748,52069.58,CASH_OUT,CORRECT,MEDIUM RISK
14138,0,0,0.1336231929507561,12178.76,PAYMENT,CORRECT,LOW RISK
11999,0,0,0.03743105557678161,0.0,PAYMENT,CORRECT,LOW RISK
12834,0,1,0.6053540453234101,8311.99,CASH_OUT,WRONG,MEDIUM RISK
10248,0,0,0.03743105557678161,0.0,PAYMENT,CORRECT,LOW RISK
12016,0,0,0.1082072427207766,312.0,PAYMENT,CORRECT,LOW RISK
1821,1,0,0.4415634558867925,24077.0,CASH_OUT,WRONG,MEDIUM RISK
9101,0,1,0.5387007615524019,13938.0,CASH_OUT,WRONG,MEDIUM RISK
15028,0,0,0.003919578506793873,9239.86,PAYMENT,CORRECT,LOW RISK
1702,1,1,0.6546402085084896,13251.0,CASH_OUT,CORRECT,MEDIUM RISK
4206,0,0,0.3350339717413053,2380.0,CASH_IN,CORRECT,MEDIUM RISK
1838,1,0,0.3478205988614018,1658.0,CASH_IN,WRONG,MEDIUM RISK
9398,0,0,0.03743105557678161,0.0,PAYMENT,CORRECT,LOW RISK
11977,0,0,0.03743105557678161,0.0,PAYMENT,CORRECT,LOW RISK
3261,0,0,0.0915442252331724,108138.0,CASH_IN,CORRECT,LOW RISK
672,1,1,0.9258965931608141,13494.0,TRANSFER,CORRECT,HIGH RISK
1521,1,1,0.6844077803526103,21329.0,CASH_OUT,CORRECT,MEDIUM RISK
18055,0,0,0.0071665908905255045,239953.73,CASH_IN,CORRECT,LOW RISK
7444,0,0,0.012346003633969158,0.0,CASH_OUT,CORRECT,LOW RISK
17074,0,0,0.00793900295897493,349878.41,CASH_IN,CORRECT,LOW RISK
3243,0,0,0.3917403362255119,106.0,CASH_IN,CORRECT,MEDIUM RISK
4839,0,1,0.5799760283293854,1168.0,CASH_OUT,WRONG,MEDIUM RISK
15497,0,0,0.038180446402829825,5387.98,PAYMENT,CORRECT,LOW RISK
10122,0,0,0.03743105557678161,0.0,PAYMENT,CORRECT,LOW RISK
14169,0,0,0.11472362588003396,2936.46,PAYMENT,CORRECT,LOW RISK
14870,0,0,0.24292107777448269,43039.76,PAYMENT,CORRECT,LOW RISK
18832,0,0,0.08279776303258503,227961.65,CASH_IN,CORRECT,LOW RISK
18924,0,0,0.006125585183203921,334916.08,CASH_IN,CORRECT,LOW RISK
12988,0,0,0.15822107649815276,1876.74,PAYMENT,CORRECT,LOW RISK
11987,0,0,0.03743105557678161,0.0,PAYMENT,CORRECT,LOW RISK
3701,0,1,0.7516652540349991,2560.0,CASH_OUT,WRONG,HIGH RISK
14797,0,0,0.3601439741080325,2323.92,CASH_OUT,CORRECT,MEDIUM RISK
10831,0,0,0.31057973847015014,2861.0,PAYMENT,CORRECT,MEDIUM RISK
4102,0,0,0.45722109772929204,32104.0,CASH_OUT,CORRECT,MEDIUM RISK
433,1,1,0.5812319331866367,70083.0,TRANSFER,CORRECT,MEDIUM RISK
2124,1,1,0.5348482567562602,6282.0,CASH_IN,CORRECT,MEDIUM RISK
16293,0,0,0.041213181287602894,22491.9,PAYMENT,CORRECT,LOW RISK
16227,0,0,0.010348083821541147,11157.02,PAYMENT,CORRECT,LOW RISK
5553,0,0,0.022081645587235032,152836.0,CASH_IN,CORRECT,LOW RISK
1936,1,1,0.6518561919654254,3055.0,CASH_OUT,CORRECT,MEDIUM RISK
14424,0,1,0.7996270969216159,6465.58,CASH_OUT,WRONG,HIGH RISK
7952,0,1,0.552445222775078,8967.0,CASH_IN,WRONG,MEDIUM RISK
64,1,1,0.8972414887283516,10437.0,TRANSFER,CORRECT,HIGH RISK
5418,0,0,0.3695890378452335,66234.0,CASH_IN,CORRECT,MEDIUM RISK
11747,0,0,0.03743105557678161,0.0,PAYMENT,CORRECT,LOW RISK
3178,0,1,0.6467706369500256,3488.0,CASH_OUT,WRONG,MEDIUM RISK
9405,0,1,0.600580144042854,9209.0,CASH_OUT,WRONG,MEDIUM RISK
16111,0,0,0.09142299818971768,103561.46,CASH_IN,CORRECT,LOW RISK
10117,0,0,0.16637888794525119,1650.0,PAYMENT,CORRECT,LOW RISK
3531,0,0,0.2976437988711732,63044.0,CASH_IN,CORRECT,LOW RISK
10026,0,1,0.6253974272273419,790.0,CASH_OUT,WRONG,MEDIUM RISK
731,1,0,0.21632737829626855,2069.0,CASH_OUT,WRONG,LOW RISK
12660,0,0,0.11848440680599948,10048.1,PAYMENT,CORRECT,LOW RISK
11102,0,0,0.12415068992480977,115.0,PAYMENT,CORRECT,LOW RISK
12301,0,0,0.1433684677347355,23125.0,PAYMENT,CORRECT,LOW RISK
11050,0,0,0.03743105557678161,0.0,PAYMENT,CORRECT,LOW RISK
14645,0,0,0.12342803726154541,1400.62,PAYMENT,CORRECT,LOW RISK
12551,0,0,0.13274016560932395,1826.0,PAYMENT,CORRECT,LOW RISK
324,1,1,0.9517083699693228,11926.0,TRANSFER,CORRECT,HIGH RISK
16499,0,0,0.015620223115245128,4521.45,PAYMENT,CORRECT,LOW RISK
2029,1,1,0.7591771425359881,500.0,CASH_OUT,CORRECT,HIGH RISK
3265,0,0,0.35038405898475206,12334.0,CASH_IN,CORRECT,MEDIUM RISK
5965,0,1,0.6731916476719207,1509.0,CASH_OUT,WRONG,MEDIUM RISK
14360,0,0,0.11258847051783695,14555.03,PAYMENT,CORRECT,LOW RISK
8207,0,0,0.4844481596083118,1739.0,CASH_IN,CORRECT,MEDIUM RISK
2346,1,1,0.7121137079317986,12140.0,CASH_OUT,CORRECT,HIGH RISK
2197,1,1,0.9335684116040117,567.0,TRANSFER,CORRECT,HIGH RISK
17125,0,0,0.08919601763515221,46569.35,CASH_OUT,CORRECT,LOW RISK
19897,0,0,0.001047420613162471,263479.01,CASH_IN,CORRECT,LOW RISK
12365,0,0,0.03743105557678161,0.0,PAYMENT,CORRECT,LOW RISK
13646,0,1,0.5799298469915333,7987.05,CASH_OUT,WRONG,MEDIUM RISK
4526,0,1,0.6718842826833654,12695.0,CASH_OUT,WRONG,MEDIUM RISK
8070,0,0,0.012346003633969158,0.0,CASH_OUT,CORRECT,LOW RISK
13456,0,0,0.08972866354681246,6613.4,PAYMENT,CORRECT,LOW RISK
5748,0,1,0.7066281868095788,21355.0,CASH_OUT,WRONG,HIGH RISK
5132,0,1,0.7173141451888506,21247.0,CASH_OUT,WRONG,HIGH RISK
19434,0,0,0.11534435179087404,87927.99,CASH_IN,CORRECT,LOW RISK
16993,0,0,0.00793900295897493,361632.84,CASH_IN,CORRECT,LOW RISK
2128,1,1,0.5781542874477027,2777.0,CASH_OUT,CORRECT,MEDIUM RISK
17791,0,0,0.028490874119365156,77983.84,CASH_IN,CORRECT,LOW RISK
14006,0,0,0.11998953073599126,7219.72,PAYMENT,CORRECT,LOW RISK
6810,0,0,0.012346003633969158,0.0,CASH_OUT,CORRECT,LOW RISK
4247,0,1,0.6932448265114585,21383.0,CASH_OUT,WRONG,MEDIUM RISK
12758,0,0,0.11477346235563911,7724.55,PAYMENT,CORRECT,LOW RISK
10463,0,0,0.435600905599029,110333.0,CASH_OUT,CORRECT,MEDIUM RISK
18982,1,0,0.013792341406903282,283308.0,CASH_IN,WRONG,LOW RISK
15238,0,0,0.03289163367860482,6182.86,PAYMENT,CORRECT,LOW RISK
19445,0,0,0.14515036578064877,53051.72,CASH_IN,CORRECT,LOW RISK
6376,0,1,0.6999953984356603,583.0,CASH_OUT,WRONG,MEDIUM RISK
20010,0,0,0.01716896805976651,295115.0,CASH_IN,CORRECT,LOW RISK
14431,0,0,0.19920418958977743,40.58,PAYMENT,CORRECT,LOW RISK
19679,0,0,0.0007183762933674295,24135.88,CASH_IN,CORRECT,LOW RISK
5921,0,1,0.8918677360024457,28174.0,TRANSFER,WRONG,HIGH RISK
1603,1,1,0.5614154811514905,1612.0,CASH_IN,CORRECT,MEDIUM RISK
18918,0,0,0.006125585183203921,343467.14,CASH_IN,CORRECT,LOW RISK
2251,1,1,0.7393910315833219,15352.0,CASH_OUT,CORRECT,HIGH RISK
6938,0,1,0.624006125191027,346.0,CASH_OUT,WRONG,MEDIUM RISK
12567,0,0,0.08816826321388455,7924.0,PAYMENT,CORRECT,LOW RISK
7076,0,0,0.012346003633969158,0.0,CASH_OUT,CORRECT,LOW RISK
4668,0,1,0.7916867128428936,20408.0,CASH_OUT,WRONG,HIGH RISK
3239,0,1,0.6959842144005735,1975.0,CASH_OUT,WRONG,MEDIUM RISK
1575,1,1,0.734561636983683,16082.0,CASH_OUT,CORRECT,HIGH RISK
12961,0,1,0.6390766766927417,519246.53,TRANSFER,WRONG,MEDIUM RISK
18930,0,0,0.10050398555298314,181207.22,CASH_IN,CORRECT,LOW RISK
4326,0,1,0.536076595361419,2178.0,CASH_OUT,WRONG,MEDIUM RISK
4823,0,1,0.7448516740613346,16643.0,CASH_OUT,WRONG,HIGH RISK
8897,0,0,0.03743105557678161,0.0,PAYMENT,CORRECT,LOW RISK
8633,0,0,0.20285542567564147,1.0,PAYMENT,CORRECT,LOW RISK
10128,0,1,0.6645412220749255,235.0,CASH_OUT,WRONG,MEDIUM RISK
31,1,1,0.9057021636464013,24147.0,TRANSFER,CORRECT,HIGH RISK
17443,0,0,0.010824641480388158,113749.04,CASH_OUT,CORRECT,LOW RISK
11427,0,0,0.03743105557678161,0.0,PAYMENT,CORRECT,LOW RISK
6584,0,1,0.6119117933170177,13927.0,CASH_IN,WRONG,MEDIUM RISK
12375,0,0,0.14121105094374836,2969.0,PAYMENT,CORRECT,LOW RISK
10968,0,0,0.13793645358576864,3885.0,PAYMENT,CORRECT,LOW RISK
2814,1,1,0.6781108842853358,24903.0,CASH_OUT,CORRECT,MEDIUM RISK
2513,1,1,0.7105032285796261,10783.0,CASH_OUT,CORRECT,HIGH RISK
16837,0,0,0.0045460298801695605,374115.15,CASH_OUT,CORRECT,LOW RISK
2671,1,1,0.551079893725996,96.0,CASH_OUT,CORRECT,MEDIUM RISK
19830,0,0,0.0,46732.77,CASH_IN,CORRECT,LOW RISK
18401,0,0,0.03204537171935187,12824.06,CASH_IN,CORRECT,LOW RISK
16206,0,0,0.036517212710969034,7045.47,PAYMENT,CORRECT,LOW RISK
8539,0,0,0.012346003633969158,0.0,CASH_OUT,CORRECT,LOW RISK
17132,0,0,0.0027576785256242004,137887.52,CASH_IN,CORRECT,LOW RISK
3523,0,0,0.011525428514180367,190028.0,CASH_IN,CORRECT,LOW RISK
11437,0,0,0.03743105557678161,0.0,PAYMENT,CORRECT,LOW RISK
1332,1,1,0.8420197168575094,322.0,TRANSFER,CORRECT,HIGH RISK
18228,0,0,0.0015458218832828466,143947.67,CASH_IN,CORRECT,LOW RISK
12406,0,0,0.0428253255547941,154814.0,CASH_IN,CORRECT,LOW RISK
2488,1,1,0.6479676283568766,13513.0,CASH_OUT,CORRECT,MEDIUM RISK
11670,0,0,0.03743105557678161,0.0,PAYMENT,CORRECT,LOW RISK
16468,0,0,0.0161434617049262,10028.29,PAYMENT,CORRECT,LOW RISK
15903,0,0,0.010171556505914687,4594.42,PAYMENT,CORRECT,LOW RISK
15772,0,0,0.016442364820702902,1156.36,PAYMENT,CORRECT,LOW RISK
14027,0,0,0.15585386770570436,9329.39,PAYMENT,CORRECT,LOW RISK
19597,0,0,0.004827578505006911,175223.81,CASH_IN,CORRECT,LOW RISK
15075,0,0,0.032624608324655247,217454.18,CASH_IN,CORRECT,LOW RISK
2097,1,1,0.6456410197210869,901.0,CASH_OUT,CORRECT,MEDIUM RISK
12705,0,0,0.09418165800090778,8759.98,PAYMENT,CORRECT,LOW RISK
6359,0,1,0.7268531204056233,22652.0,CASH_OUT,WRONG,HIGH RISK
4752,0,0,0.41356331176467476,36515.0,CASH_IN,CORRECT,MEDIUM RISK
19936,0,0,0.014891992547447991,347605.28,CASH_IN,CORRECT,LOW RISK
17031,0,0,0.0013585565083106437,250128.78,CASH_IN,CORRECT,LOW RISK
2104,1,1,0.5186509215944212,24245.0,CASH_OUT,CORRECT,MEDIUM RISK
5663,0,1,0.901003791372749,4159.0,TRANSFER,WRONG,HIGH RISK
14115,0,0,0.14583623627685605,16348.62,PAYMENT,CORRECT,LOW RISK
12366,0,0,0.03743105557678161,0.0,PAYMENT,CORRECT,LOW RISK
15600,0,0,0.03966273025260161,3766.52,PAYMENT,CORRECT,LOW RISK
10437,0,0,0.11300756459817636,3203.0,PAYMENT,CORRECT,LOW RISK
10467,0,0,0.03743105557678161,0.0,PAYMENT,CORRECT,LOW RISK
236,1,1,0.6638931414657411,14501.0,CASH_OUT,CORRECT,MEDIUM RISK
7304,0,1,0.6481986125598904,184.0,CASH_OUT,WRONG,MEDIUM RISK
11282,0,0,0.2749397115149318,14.0,PAYMENT,CORRECT,LOW RISK
8932,0,0,0.012346003633969158,0.0,CASH_OUT,CORRECT,LOW RISK
18412,0,0,0.1012047502674764,62342.49,CASH_IN,CORRECT,LOW RISK
2799,1,1,0.6656766374704867,19467.0,CASH_OUT,CORRECT,MEDIUM RISK
404,1,1,0.5559834237458557,591803.0,TRANSFER,CORRECT,MEDIUM RISK
5063,0,1,0.6776641574218901,2958.0,CASH_OUT,WRONG,MEDIUM RISK
11932,0,0,0.03743105557678161,0.0,PAYMENT,CORRECT,LOW RISK
763,1,1,0.941436384248903,14114.0,TRANSFER,CORRECT,HIGH RISK
10770,0,0,0.03743105557678161,0.0,PAYMENT,CORRECT,LOW RISK
4711,0,1,0.6772163871821862,3325.0,CASH_OUT,WRONG,MEDIUM RISK
16207,0,0,0.010603217260560807,17322.91,PAYMENT,CORRECT,LOW RISK
33,1,1,0.8315291997890032,71715.0,TRANSFER,CORRECT,HIGH RISK
16639,0,0,0.19517715151915396,31033.64,CASH_OUT,CORRECT,LOW RISK
2,1,1,0.8530020316392448,86329.0,TRANSFER,CORRECT,HIGH RISK
6522,0,1,0.9150767876004557,15458.0,TRANSFER,WRONG,HIGH RISK
11711,0,0,0.03743105557678161,0.0,PAYMENT,CORRECT,LOW RISK
5677,0,1,0.7131833713808453,9967.0,CASH_OUT,WRONG,HIGH RISK
12195,0,1,0.8713348574979054,6372.0,TRANSFER,WRONG,HIGH RISK
2374,1,1,0.6944981646986145,934.0,CASH_OUT,CORRECT,MEDIUM RISK
7252,0,0,0.011430769097785816,191008.0,CASH_OUT,CORRECT,LOW RISK
19458,0,0,0.026242780217903064,512799.78,CASH_IN,CORRECT,LOW RISK
18577,0,0,0.005464114142368904,128854.89,CASH_IN,CORRECT,LOW RISK
9472,0,0,0.03743105557678161,0.0,PAYMENT,CORRECT,LOW RISK
12460,0,0,0.12635097064527182,79.0,PAYMENT,CORRECT,LOW RISK
10080,0,0,0.03743105557678161,0.0,PAYMENT,CORRECT,LOW RISK
11675,0,0,0.16322803682082962,34.0,PAYMENT,CORRECT,LOW RISK
14097,0,0,0.347750795804789,77380.42,CASH_OUT,CORRECT,MEDIUM RISK
10306,1,0,0.07417037321120745,6326.0,PAYMENT,WRONG,LOW RISK
6189,0,1,0.6380376543607158,188.0,CASH_OUT,WRONG,MEDIUM RISK
17238,0,0,0.012756330119987447,8727.87,PAYMENT,CORRECT,LOW RISK
11419,0,0,0.15847697942189198,24.0,PAYMENT,CORRECT,LOW RISK
9987,0,0,0.03743105557678161,0.0,PAYMENT,CORRECT,LOW RISK
7338,0,0,0.012346003633969158,0.0,CASH_OUT,CORRECT,LOW RISK
12193,0,0,0.16088273186207622,2996.0,PAYMENT,CORRECT,LOW RISK
5648,0,1,0.5715321062201904,98.0,CASH_IN,WRONG,MEDIUM RISK
10615,0,0,0.03743105557678161,0.0,PAYMENT,CORRECT,LOW RISK
7680,0,1,0.5726946416322639,16974.0,CASH_IN,WRONG,MEDIUM RISK
1782,1,1,0.5207677259771635,31152.0,CASH_OUT,CORRECT,MEDIUM RISK
11743,0,0,0.03743105557678161,0.0,PAYMENT,CORRECT,LOW RISK
2381,1,1,0.5702343173654545,8.0,CASH_IN,CORRECT,MEDIUM RISK
10373,0,0,0.03743105557678161,0.0,PAYMENT,CORRECT,LOW RISK
11085,0,1,0.5332600741112674,120.0,CASH_OUT,WRONG,MEDIUM RISK
19156,0,0,0.02264050903601858,6549.39,CASH_IN,CORRECT,LOW RISK
8159,0,0,0.012346003633969158,0.0,CASH_OUT,CORRECT,LOW RISK
19674,0,0,0.0293733274323135,68764.8,CASH_IN,CORRECT,LOW RISK
15869,0,0,0.07884066059991042,10580.13,PAYMENT,CORRECT,LOW RISK
15839,0,0,0.039588677238170396,14083.91,PAYMENT,CORRECT,LOW RISK
5785,0,1,0.7281511259996607,760.0,CASH_OUT,WRONG,HIGH RISK
16035,0,0,0.041433432480734576,12347.58,PAYMENT,CORRECT,LOW RISK
15045,0,0,0.09736344546498088,82906.36,CASH_OUT,CORRECT,LOW RISK
878,1,1,0.5328459040914246,12164.0,CASH_OUT,CORRECT,MEDIUM RISK
5240,0,1,0.7195993058344182,14207.0,CASH_OUT,WRONG,HIGH RISK
9945,0,0,0.09898573921343111,6204.0,PAYMENT,CORRECT,LOW RISK
8311,0,1,0.6161374463353653,6154.0,CASH_OUT,WRONG,MEDIUM RISK
17882,0,0,0.02897241450389091,94499.16,CASH_IN,CORRECT,LOW RISK
17276,0,0,0.35905906749098404,2193.06,DEBIT,CORRECT,MEDIUM RISK
3699,0,0,0.41405464366897143,121.0,CASH_IN,CORRECT,MEDIUM RISK
18543,0,0,0.031383571616650036,478772.31,CASH_IN,CORRECT,LOW RISK
12810,0,0,0.15341766776217036,17968.21,PAYMENT,CORRECT,LOW RISK
2056,1,1,0.6278824185494575,3785.0,CASH_OUT,CORRECT,MEDIUM RISK
10112,0,0,0.03743105557678161,0.0,PAYMENT,CORRECT,LOW RISK
15585,0,0,0.04483492087835886,6124.82,PAYMENT,CORRECT,LOW RISK
1886,1,1,0.7106781868711561,14791.0,CASH_OUT,CORRECT,HIGH RISK
5753,0,1,0.9222836276038879,13873.0,TRANSFER,WRONG,HIGH RISK
2956,1,1,0.5277868032497589,9497.0,CASH_OUT,CORRECT,MEDIUM RISK
18355,0,0,0.04805674038013794,13212.15,PAYMENT,CORRECT,LOW RISK
13012,0,0,0.09877868398914219,5189.31,PAYMENT,CORRECT,LOW RISK
18176,0,0,0.013602052688653797,330700.35,CASH_IN,CORRECT,LOW RISK
1767,1,1,0.655806887001311,12704.0,CASH_OUT,CORRECT,MEDIUM RISK
15103,0,0,0.09120563762284695,36281.78,PAYMENT,CORRECT,LOW RISK
2899,1,1,0.7294204331341705,7595.0,CASH_OUT,CORRECT,HIGH RISK
5632,0,1,0.9549514488606863,19596.0,TRANSFER,WRONG,HIGH RISK
10378,0,0,0.03743105557678161,0.0,PAYMENT,CORRECT,LOW RISK
7673,0,0,0.49752877812467633,54.0,CASH_OUT,CORRECT,MEDIUM RISK
16617,0,0,0.0028955410275115063,14777.89,PAYMENT,CORRECT,LOW RISK
4848,0,1,0.6981784000173857,12539.0,CASH_OUT,WRONG,MEDIUM RISK
3347,0,1,0.7420626461675165,696.0,CASH_OUT,WRONG,HIGH RISK
5506,0,0,0.4395262093108538,32283.0,CASH_OUT,CORRECT,MEDIUM RISK
8538,0,0,0.012346003633969158,0.0,CASH_OUT,CORRECT,LOW RISK
708,1,1,0.7120213585594704,22090.0,CASH_OUT,CORRECT,HIGH RISK
17075,0,0,0.004123719406251243,9309.9,PAYMENT,CORRECT,LOW RISK
14546,0,0,0.12054891814499868,10390.77,PAYMENT,CORRECT,LOW RISK
1963,1,1,0.7461939793691876,23564.0,CASH_OUT,CORRECT,HIGH RISK
14209,0,0,0.15717531494831868,591.3,PAYMENT,CORRECT,LOW RISK
3950,0,1,0.7159701215568162,989.0,CASH_OUT,WRONG,HIGH RISK
13839,0,0,0.13720498580118762,18833.79,PAYMENT,CORRECT,LOW RISK
8020,0,1,0.5299879031811551,33330.0,CASH_OUT,WRONG,MEDIUM RISK
19014,0,0,0.11603400877633531,98318.65,CASH_IN,CORRECT,LOW RISK
11402,0,0,0.03743105557678161,0.0,PAYMENT,CORRECT,LOW RISK
16286,0,0,0.016336121803569425,686.27,PAYMENT,CORRECT,LOW RISK
13255,0,0,0.4779060946822963,102212.42,CASH_OUT,CORRECT,MEDIUM RISK
2473,1,1,0.5092475884367166,51509.0,CASH_OUT,CORRECT,MEDIUM RISK
4385,0,1,0.6972291174342286,757.0,CASH_OUT,WRONG,MEDIUM RISK
1570,1,1,0.8938998175918441,25499.0,TRANSFER,CORRECT,HIGH RISK
7535,0,0,0.16378952585069165,49170.0,CASH_OUT,CORRECT,LOW RISK
1198,1,0,0.48171832193196523,54.0,CASH_OUT,WRONG,MEDIUM RISK
15702,0,0,0.027509096354344904,7990.18,PAYMENT,CORRECT,LOW RISK
8448,0,0,0.03743105557678161,0.0,PAYMENT,CORRECT,LOW RISK
6771,0,0,0.012346003633969158,0.0,CASH_OUT,CORRECT,LOW RISK
8345,0,1,0.6548627237751525,23249.0,CASH_OUT,WRONG,MEDIUM RISK
17063,0,0,0.002085128328402709,323.22,PAYMENT,CORRECT,LOW RISK
13339,0,0,0.1288326680136259,14243.47,PAYMENT,CORRECT,LOW RISK
16302,0,0,0.016956896694018245,1313.51,PAYMENT,CORRECT,LOW RISK
10342,0,0,0.10932730682994121,89.0,PAYMENT,CORRECT,LOW RISK
9762,0,0,0.06846144736348125,915.0,PAYMENT,CORRECT,LOW RISK
20016,0,0,0.0007183762933674295,26923.1,CASH_IN,CORRECT,LOW RISK
16195,0,0,0.010348083821541147,11215.83,PAYMENT,CORRECT,LOW RISK
19948,0,0,0.0,202532.63,CASH_IN,CORRECT,LOW RISK
16862,0,0,0.0004056601820054488,11160.78,PAYMENT,CORRECT,LOW RISK
12006,0,0,0.03743105557678161,0.0,PAYMENT,CORRECT,LOW RISK
13647,0,0,0.21114129373353502,5875.45,PAYMENT,CORRECT,LOW RISK
5675,0,1,0.7829018076273075,19076.0,CASH_OUT,WRONG,HIGH RISK
15216,0,0,0.1889999701440682,3688.81,PAYMENT,CORRECT,LOW RISK
12035,0,0,0.08958850650784739,5767.0,PAYMENT,CORRECT,LOW RISK
16622,0,0,0.005307923789348526,358920.74,CASH_IN,CORRECT,LOW RISK
2647,1,1,0.7381976680674882,1610.0,CASH_OUT,CORRECT,HIGH RISK
8502,0,0,0.03743105557678161,0.0,PAYMENT,CORRECT,LOW RISK
6988,0,1,0.5807242077462966,10164.0,CASH_OUT,WRONG,MEDIUM RISK
4259,0,0,0.47764764752330235,8117.0,CASH_IN,CORRECT,MEDIUM RISK
10315,0,0,0.03743105557678161,0.0,PAYMENT,CORRECT,LOW RISK
19471,0,0,0.056477387268978815,269916.49,CASH_IN,CORRECT,LOW RISK
1364,1,1,0.754341655221793,8210.0,CASH_OUT,CORRECT,HIGH RISK
11187,0,0,0.275726513777109,25597.0,PAYMENT,CORRECT,LOW RISK
8443,0,0,0.012346003633969158,0.0,CASH_OUT,CORRECT,LOW RISK
16549,0,0,0.0029397995686129903,8606.29,PAYMENT,CORRECT,LOW RISK
10379,0,0,0.313328694250364,30596.0,PAYMENT,CORRECT,MEDIUM RISK
13978,0,0,0.1800166047251642,4970.02,PAYMENT,CORRECT,LOW RISK
13651,0,0,0.15815281632816283,623.81,PAYMENT,CORRECT,LOW RISK
17868,0,0,0.00793900295897493,364509.9,CASH_IN,CORRECT,LOW RISK
15829,0,0,0.07006152770796953,10615.44,PAYMENT,CORRECT,LOW RISK
2117,1,0,0.390617242317432,1735.0,CASH_IN,WRONG,MEDIUM RISK
1698,1,1,0.69643466326444,27111.0,TRANSFER,CORRECT,MEDIUM RISK
18619,0,0,0.026226842647808567,6983.41,CASH_IN,CORRECT,LOW RISK
7437,0,0,0.012346003633969158,0.0,CASH_OUT,CORRECT,LOW RISK
5058,0,1,0.5007740755574757,14060.0,CASH_OUT,WRONG,MEDIUM RISK
18813,0,0,0.1168203794630375,184671.38,CASH_IN,CORRECT,LOW RISK
15387,0,0,0.014549548502413509,17299.28,PAYMENT,CORRECT,LOW RISK
2079,1,1,0.6691633496724895,14932.0,CASH_OUT,CORRECT,MEDIUM RISK
18018,0,0,0.002896835527451414,201013.26,CASH_IN,CORRECT,LOW RISK
18015,0,0,0.0028819987553555383,115890.3,CASH_IN,CORRECT,LOW RISK
10663,0,0,0.03743105557678161,0.0,PAYMENT,CORRECT,LOW RISK
8616,0,0,0.012346003633969158,0.0,CASH_OUT,CORRECT,LOW RISK
6209,0,1,0.5310181404306344,22998.0,CASH_IN,WRONG,MEDIUM RISK
9254,0,0,0.25145698787050474,59197.0,CASH_OUT,CORRECT,LOW RISK
6151,0,1,0.7239640389698725,16267.0,CASH_OUT,WRONG,HIGH RISK
12779,0,0,0.09342533562679055,12632.47,PAYMENT,CORRECT,LOW RISK
3272,0,0,0.31610862772177467,43803.0,CASH_OUT,CORRECT,MEDIUM RISK
3593,0,0,0.09563221489351419,4666.0,CASH_OUT,CORRECT,LOW RISK
14575,0,0,0.12870033128032893,17646.64,PAYMENT,CORRECT,LOW RISK
14472,0,0,0.11522745292451991,109737.91,CASH_IN,CORRECT,LOW RISK
18302,0,0,0.02461468549398999,30330.62,CASH_IN,CORRECT,LOW RISK
11531,0,0,0.03743105557678161,0.0,PAYMENT,CORRECT,LOW RISK
17414,0,0,0.04331991581451763,345068.49,CASH_IN,CORRECT,LOW RISK
2141,1,1,0.7204933910832666,12033.0,CASH_OUT,CORRECT,HIGH RISK
10265,0,0,0.03743105557678161,0.0,PAYMENT,CORRECT,LOW RISK
6330,0,1,0.549961165354706,17753.0,CASH_OUT,WRONG,MEDIUM RISK
2011,1,1,0.7526210411844246,9840.0,CASH_OUT,CORRECT,HIGH RISK
5895,0,1,0.7035028563549267,2299.0,CASH_OUT,WRONG,HIGH RISK
14119,0,0,0.1412950405295429,2078.83,PAYMENT,CORRECT,LOW RISK
10289,0,1,0.5009000888146481,2809.0,CASH_IN,WRONG,MEDIUM RISK
4558,0,1,0.6427946218437914,35.0,CASH_OUT,WRONG,MEDIUM RISK
12214,0,0,0.03743105557678161,0.0,PAYMENT,CORRECT,LOW RISK
15488,0,0,0.05769509127640048,109578.59,CASH_OUT,CORRECT,LOW RISK
2386,1,1,0.5024256757284309,6845.0,CASH_OUT,CORRECT,MEDIUM RISK
9809,0,0,0.2001812539627434,218.0,PAYMENT,CORRECT,LOW RISK
6402,0,1,0.5215274239157579,24297.0,CASH_OUT,WRONG,MEDIUM RISK
14736,0,0,0.14715864103405743,3946.44,PAYMENT,CORRECT,LOW RISK
5945,0,1,0.7511200276813865,16122.0,CASH_OUT,WRONG,HIGH RISK
3130,1,1,0.6046058024418837,23705.0,CASH_OUT,CORRECT,MEDIUM RISK
17972,0,0,0.0022835479353803066,181695.45,CASH_IN,CORRECT,LOW RISK
9422,0,0,0.11171097873892742,2663.0,PAYMENT,CORRECT,LOW RISK
9268,0,0,0.012346003633969158,0.0,CASH_OUT,CORRECT,LOW RISK
10567,0,0,0.03743105557678161,0.0,PAYMENT,CORRECT,LOW RISK
14513,0,0,0.12098333478187503,16523.49,PAYMENT,CORRECT,LOW RISK
14946,0,0,0.16703010415628444,16539.15,PAYMENT,CORRECT,LOW RISK
12848,0,0,0.09907364885824649,7629.73,PAYMENT,CORRECT,LOW RISK
14117,0,0,0.21047445636261197,18080.96,PAYMENT,CORRECT,LOW RISK
7689,0,0,0.012346003633969158,0.0,CASH_OUT,CORRECT,LOW RISK
18585,0,0,0.10323904205624636,55974.94,CASH_IN,CORRECT,LOW RISK
7055,0,0,0.38354907992564125,52289.0,CASH_IN,CORRECT,MEDIUM RISK
10620,0,0,0.03743105557678161,0.0,PAYMENT,CORRECT,LOW RISK
8480,0,0,0.012346003633969158,0.0,CASH_OUT,CORRECT,LOW RISK
9520,0,0,0.1635832740618469,12628.0,PAYMENT,CORRECT,LOW RISK
18483,0,0,0.11546014737763724,51842.47,CASH_IN,CORRECT,LOW RISK
12747,0,0,0.12466280374401588,2205.06,PAYMENT,CORRECT,LOW RISK
19992,0,0,0.0007183762933674295,29662.09,CASH_IN,CORRECT,LOW RISK
19096,0,0,0.020023456685470422,102665.48,CASH_IN,CORRECT,LOW RISK
11764,0,0,0.03743105557678161,0.0,PAYMENT,CORRECT,LOW RISK
16427,0,0,0.07517799069002735,44513.59,CASH_OUT,CORRECT,LOW RISK
18491,0,0,0.0015955326993520988,222415.15,CASH_IN,CORRECT,LOW RISK
134,1,1,0.9360802813965188,3140.0,TRANSFER,CORRECT,HIGH RISK
16214,0,0,0.00463821864781137,5132.9,PAYMENT,CORRECT,LOW RISK
18541,0,0,0.0,276906.57,CASH_IN,CORRECT,LOW RISK
10137,0,0,0.09371600962701315,9513.0,PAYMENT,CORRECT,LOW RISK
109,1,1,0.9582798332517531,18380.0,TRANSFER,CORRECT,HIGH RISK
16511,0,0,0.002184396236278098,178753.5,CASH_OUT,CORRECT,LOW RISK
3382,0,0,0.46766195168179236,1469.0,CASH_OUT,CORRECT,MEDIUM RISK
16028,0,0,0.034569087724738407,30703.42,PAYMENT,CORRECT,LOW RISK
11000,0,0,0.03743105557678161,0.0,PAYMENT,CORRECT,LOW RISK
1336,1,1,0.9511473673838076,4252.0,TRANSFER,CORRECT,HIGH RISK
12788,0,0,0.18871186119591696,17536.44,PAYMENT,CORRECT,LOW RISK
7497,0,1,0.643589583908536,324.0,CASH_OUT,WRONG,MEDIUM RISK
5209,0,1,0.7359227739323043,5728.0,CASH_OUT,WRONG,HIGH RISK
19193,0,0,0.022252811196710152,200641.15,CASH_IN,CORRECT,LOW RISK
2623,1,1,0.751196651866163,9155.0,CASH_OUT,CORRECT,HIGH RISK
14571,0,0,0.22326807549072003,572.19,PAYMENT,CORRECT,LOW RISK
6253,0,1,0.7347740275201611,7332.0,CASH_OUT,WRONG,HIGH RISK
9618,0,1,0.5139727929219179,51068.0,CASH_OUT,WRONG,MEDIUM RISK
5234,0,1,0.6510004724853027,3042.0,CASH_OUT,WRONG,MEDIUM RISK
3306,0,1,0.5490689279256112,24270.0,CASH_OUT,WRONG,MEDIUM RISK
2924,1,1,0.5315850278647062,18966.0,CASH_OUT,CORRECT,MEDIUM RISK
1278,1,1,0.6676076721656371,3423.0,CASH_OUT,CORRECT,MEDIUM RISK
1527,1,1,0.6233222187565288,14647.0,CASH_OUT,CORRECT,MEDIUM RISK
3917,0,1,0.938955311119164,10010.0,TRANSFER,WRONG,HIGH RISK
7084,0,0,0.012346003633969158,0.0,CASH_OUT,CORRECT,LOW RISK
4622,0,0,0.3914036027377795,49452.0,CASH_OUT,CORRECT,MEDIUM RISK
10090,0,0,0.03743105557678161,0.0,PAYMENT,CORRECT,LOW RISK
6314,0,1,0.7511791112474951,20162.0,CASH_OUT,WRONG,HIGH RISK
13236,0,0,0.08933391507866931,11431.09,PAYMENT,CORRECT,LOW RISK
9093,0,0,0.1418238229147384,1279.0,PAYMENT,CORRECT,LOW RISK
9342,0,0,0.1469074356885789,135.0,PAYMENT,CORRECT,LOW RISK
13703,0,0,0.07770823531420086,2454.95,PAYMENT,CORRECT,LOW RISK
3633,0,0,0.36610935357741037,14908.0,CASH_OUT,CORRECT,MEDIUM RISK
6020,0,0,0.4123605187964733,2845.0,CASH_IN,CORRECT,MEDIUM RISK
7247,0,0,0.44500813152843655,4660.0,CASH_IN,CORRECT,MEDIUM RISK
2354,1,1,0.9340441477215526,22292.0,TRANSFER,CORRECT,HIGH RISK
1127,1,1,0.7580244974547463,16823.0,CASH_OUT,CORRECT,HIGH RISK
9655,0,0,0.03743105557678161,0.0,PAYMENT,CORRECT,LOW RISK
16422,0,0,0.010795646449396757,7193.97,PAYMENT,CORRECT,LOW RISK
4757,0,1,0.7353373201826985,5294.0,CASH_OUT,WRONG,HIGH RISK
7455,0,1,0.6460792323373836,19070.0,CASH_OUT,WRONG,MEDIUM RISK
6808,0,1,0.6390201898160002,341.0,CASH_OUT,WRONG,MEDIUM RISK
13637,0,0,0.12233428051616999,4278.05,PAYMENT,CORRECT,LOW RISK
7525,0,0,0.4552824937582751,5.0,CASH_OUT,CORRECT,MEDIUM RISK
2916,1,0,0.15897009405703394,123439.0,CASH_IN,WRONG,LOW RISK
5134,0,1,0.6247061334562488,22421.0,CASH_OUT,WRONG,MEDIUM RISK
3068,1,0,0.11367957732177372,76331.0,CASH_OUT,WRONG,LOW RISK
8691,0,0,0.1440181913928896,3062.0,PAYMENT,CORRECT,LOW RISK
12473,0,0,0.21794762155115877,4.0,PAYMENT,CORRECT,LOW RISK
16635,0,0,0.004474059739728492,166546.75,CASH_OUT,CORRECT,LOW RISK
13907,0,0,0.13528490461319384,19212.45,PAYMENT,CORRECT,LOW RISK
17782,0,0,0.008627869409962997,553891.9,CASH_IN,CORRECT,LOW RISK
3332,0,1,0.6699807479739147,21107.0,CASH_OUT,WRONG,MEDIUM RISK
17119,0,0,0.005976398392303731,14038.48,PAYMENT,CORRECT,LOW RISK
16233,0,0,0.040220102194296156,5430.12,PAYMENT,CORRECT,LOW RISK
9037,0,0,0.012346003633969158,0.0,CASH_OUT,CORRECT,LOW RISK
15211,0,0,0.1332280241824023,17132.34,PAYMENT,CORRECT,LOW RISK
18254,0,0,0.0015458218832828466,155447.02,CASH_IN,CORRECT,LOW RISK
12237,0,0,0.16127309629172212,187.0,PAYMENT,CORRECT,LOW RISK
17374,0,0,0.01874460526431717,9525.76,PAYMENT,CORRECT,LOW RISK
8194,0,1,0.5478803720259874,38260.0,CASH_OUT,WRONG,MEDIUM RISK
17272,0,0,0.018039346614196552,6674.06,PAYMENT,CORRECT,LOW RISK
17458,0,0,0.03785028606242993,65120.25,CASH_IN,CORRECT,LOW RISK
4773,0,1,0.6418628737946451,14238.0,CASH_OUT,WRONG,MEDIUM RISK
19425,0,0,0.027956482452159696,92243.19,CASH_IN,CORRECT,LOW RISK
14947,0,0,0.024058921441272044,5637.44,PAYMENT,CORRECT,LOW RISK
10629,0,0,0.03743105557678161,0.0,PAYMENT,CORRECT,LOW RISK
18705,0,0,0.027673555075183164,105766.82,CASH_IN,CORRECT,LOW RISK
15137,0,0,0.03990969824359894,7147.52,PAYMENT,CORRECT,LOW RISK
4054,0,1,0.7866868822391127,105.0,CASH_OUT,WRONG,HIGH RISK
12163,0,0,0.03743105557678161,0.0,PAYMENT,CORRECT,LOW RISK
2790,1,1,0.5266468095959589,24006.0,CASH_OUT,CORRECT,MEDIUM RISK
8811,0,0,0.10759326170481318,138.0,PAYMENT,CORRECT,LOW RISK
14943,0,0,0.1152757596000833,107761.12,CASH_OUT,CORRECT,LOW RISK
14620,0,0,0.14362361023797068,4518.7,PAYMENT,CORRECT,LOW RISK
11122,0,0,0.03743105557678161,0.0,PAYMENT,CORRECT,LOW RISK
16870,0,0,0.06413612821958402,18425.91,PAYMENT,CORRECT,LOW RISK
12955,0,0,0.08892239432428829,15713.3,PAYMENT,CORRECT,LOW RISK
12182,0,0,0.03743105557678161,0.0,PAYMENT,CORRECT,LOW RISK
4661,0,1,0.7430016344693766,20281.0,CASH_OUT,WRONG,HIGH RISK
13726,0,0,0.1316105411969269,8039.22,PAYMENT,CORRECT,LOW RISK
7205,0,0,0.012346003633969158,0.0,CASH_OUT,CORRECT,LOW RISK
15995,0,0,0.013917774703375187,1483.39,PAYMENT,CORRECT,LOW RISK
16544,0,0,0.0029397995686129903,8736.19,PAYMENT,CORRECT,LOW RISK
1180,1,0,0.4878790944332291,23124.0,CASH_OUT,WRONG,MEDIUM RISK
7949,0,0,0.012346003633969158,0.0,CASH_OUT,CORRECT,LOW RISK
17738,0,0,0.04961497006779036,21089.1,CASH_IN,CORRECT,LOW RISK
17557,0,0,0.08539144203894314,51640.78,CASH_OUT,CORRECT,LOW RISK
3405,0,1,0.5790034908285098,1092.0,CASH_OUT,WRONG,MEDIUM RISK
1248,1,1,0.8223391407873503,4816.0,TRANSFER,CORRECT,HIGH RISK
17006,0,0,0.00793900295897493,395088.97,CASH_IN,CORRECT,LOW RISK
15081,0,0,0.046625826621873666,396489.03,CASH_IN,CORRECT,LOW RISK
9022,0,0,0.12064848736105578,1623.0,PAYMENT,CORRECT,LOW RISK
5712,0,1,0.5705524194105921,5551.0,CASH_OUT,WRONG,MEDIUM RISK
2393,1,1,0.7371283927165664,16018.0,CASH_OUT,CORRECT,HIGH RISK
11202,0,0,0.27567385736296207,14.0,PAYMENT,CORRECT,LOW RISK
14841,0,0,0.04942047168800552,8101.78,PAYMENT,CORRECT,LOW RISK
19242,0,0,0.021293349342864486,179749.38,CASH_IN,CORRECT,LOW RISK
950,1,1,0.6985352872357431,12123.0,CASH_OUT,CORRECT,MEDIUM RISK
11843,0,0,0.06775318465161685,813.0,PAYMENT,CORRECT,LOW RISK
17933,0,0,0.005405495626926896,41133.53,CASH_IN,CORRECT,LOW RISK
8693,0,0,0.1581991541772734,2523.0,PAYMENT,CORRECT,LOW RISK
18058,0,0,0.007717206370356592,233199.92,CASH_IN,CORRECT,LOW RISK
3697,0,0,0.06957327674412866,172123.0,CASH_OUT,CORRECT,LOW RISK
3700,0,1,0.766606012419146,5227.0,CASH_OUT,WRONG,HIGH RISK
5334,0,1,0.6614860557461786,913.0,CASH_OUT,WRONG,MEDIUM RISK
1674,1,1,0.69822355811412,794.0,CASH_OUT,CORRECT,MEDIUM RISK
13285,0,0,0.10623620845194609,1101.55,PAYMENT,CORRECT,LOW RISK
3740,0,1,0.5801229569764579,1573.0,CASH_OUT,WRONG,MEDIUM RISK
11576,0,0,0.03743105557678161,0.0,PAYMENT,CORRECT,LOW RISK
3735,0,1,0.9197144588154458,22139.0,TRANSFER,WRONG,HIGH RISK
4074,0,0,0.008137456695605175,234392.0,CASH_OUT,CORRECT,LOW RISK
4515,0,0,0.20447081683346927,90609.0,CASH_OUT,CORRECT,LOW RISK
11894,0,0,0.03743105557678161,0.0,PAYMENT,CORRECT,LOW RISK
7537,0,0,0.012346003633969158,0.0,CASH_OUT,CORRECT,LOW RISK
7471,0,0,0.012346003633969158,0.0,CASH_OUT,CORRECT,LOW RISK
8492,0,0,0.03743105557678161,0.0,PAYMENT,CORRECT,LOW RISK
18870,0,0,0.024720386636133244,49834.77,CASH_IN,CORRECT,LOW RISK
4142,0,1,0.5547518085364753,801.0,CASH_IN,WRONG,MEDIUM RISK
18312,0,0,0.0,211216.81,CASH_IN,CORRECT,LOW RISK
5925,0,1,0.758151738924224,9739.0,CASH_OUT,WRONG,HIGH RISK
11266,0,0,0.03743105557678161,0.0,PAYMENT,CORRECT,LOW RISK
18565,0,0,0.021693462861202096,24129.28,CASH_IN,CORRECT,LOW RISK
3509,0,0,0.2463456221937771,15987.0,CASH_IN,CORRECT,LOW RISK
8544,0,0,0.012346003633969158,0.0,CASH_OUT,CORRECT,LOW RISK
9378,0,0,0.03743105557678161,0.0,PAYMENT,CORRECT,LOW RISK
5145,0,1,0.6729535659315046,163.0,CASH_OUT,WRONG,MEDIUM RISK
7897,0,0,0.17714257226432653,45.0,PAYMENT,CORRECT,LOW RISK
14914,0,0,0.23259379617415982,19943.03,PAYMENT,CORRECT,LOW RISK
1540,1,1,0.9293206904361361,22940.0,TRANSFER,CORRECT,HIGH RISK
1351,1,1,0.7126627302937787,8235.0,CASH_OUT,CORRECT,HIGH RISK
812,1,1,0.919853033353356,19502.0,TRANSFER,CORRECT,HIGH RISK
16891,0,0,0.011511036843990748,28788.79,PAYMENT,CORRECT,LOW RISK
19023,0,0,0.1941142310433729,122478.15,CASH_IN,CORRECT,LOW RISK
17878,0,0,0.005405495626926896,32724.38,CASH_IN,CORRECT,LOW RISK
6868,0,0,0.012346003633969158,0.0,CASH_OUT,CORRECT,LOW RISK
2616,1,1,0.774126804965841,18723.0,CASH_OUT,CORRECT,HIGH RISK
6919,0,0,0.012346003633969158,0.0,CASH_OUT,CORRECT,LOW RISK
3413,0,1,0.7110728201986845,7309.0,CASH_OUT,WRONG,HIGH RISK
13044,0,0,0.08523712717093343,6952.52,PAYMENT,CORRECT,LOW RISK
8800,0,0,0.012346003633969158,0.0,CASH_OUT,CORRECT,LOW RISK
9591,0,1,0.5823344916635896,7933.0,CASH_OUT,WRONG,MEDIUM RISK
9614,0,0,0.4878354551029481,34.0,CASH_OUT,CORRECT,MEDIUM RISK
14860,0,0,0.08420336309777678,5104.31,PAYMENT,CORRECT,LOW RISK
833,1,1,0.9599623787307615,20117.0,TRANSFER,CORRECT,HIGH RISK
11852,0,0,0.03743105557678161,0.0,PAYMENT,CORRECT,LOW RISK
5339,0,1,0.5740052181518341,31.0,CASH_OUT,WRONG,MEDIUM RISK
18698,0,0,0.06496835899036521,96451.02,CASH_IN,CORRECT,LOW RISK
7392,0,0,0.012346003633969158,0.0,CASH_OUT,CORRECT,LOW RISK
12084,0,0,0.03743105557678161,0.0,PAYMENT,CORRECT,LOW RISK
9794,0,1,0.6944051050326908,18305.0,CASH_OUT,WRONG,MEDIUM RISK
11047,0,0,0.03743105557678161,0.0,PAYMENT,CORRECT,LOW RISK
5206,0,1,0.6205146374991126,11099.0,CASH_OUT,WRONG,MEDIUM RISK
18065,0,0,0.014614665083857377,336974.11,CASH_IN,CORRECT,LOW RISK
3122,1,1,0.7683887741858798,7808.0,CASH_OUT,CORRECT,HIGH RISK
13773,0,0,0.1448200972918943,11503.45,PAYMENT,CORRECT,LOW RISK
13701,0,0,0.14213811549836528,5361.81,PAYMENT,CORRECT,LOW RISK
9246,0,0,0.25833019941171204,16.0,PAYMENT,CORRECT,LOW RISK
7877,0,1,0.5409702463575349,140.0,CASH_IN,WRONG,MEDIUM RISK
2387,1,1,0.6771343645900878,529.0,CASH_OUT,CORRECT,MEDIUM RISK
19171,0,0,0.03491166573878949,290076.15,CASH_IN,CORRECT,LOW RISK
14384,0,0,0.2076434361506689,6199.35,PAYMENT,CORRECT,LOW RISK
10877,0,0,0.16431226505062568,532.0,PAYMENT,CORRECT,LOW RISK
1994,1,1,0.729688583047319,22864.0,CASH_OUT,CORRECT,HIGH RISK
9123,0,0,0.1763525551804975,1556.0,PAYMENT,CORRECT,LOW RISK
16003,0,0,0.04341225605521814,25698.55,PAYMENT,CORRECT,LOW RISK
15510,0,0,0.04856084118423494,3609.44,PAYMENT,CORRECT,LOW RISK
16390,0,0,0.026143461704926194,9262.66,PAYMENT,CORRECT,LOW RISK
957,1,1,0.8434391989024284,6586.0,CASH_OUT,CORRECT,HIGH RISK
14937,1,0,0.022739911525975674,1602.18,PAYMENT,WRONG,LOW RISK
1719,1,1,0.6181127546392646,393.0,CASH_OUT,CORRECT,MEDIUM RISK
7422,0,0,0.47113802941415595,222.0,CASH_IN,CORRECT,MEDIUM RISK
2126,1,1,0.5288968419029068,11011.0,CASH_OUT,CORRECT,MEDIUM RISK
13536,0,0,0.10802386127450986,12530.84,PAYMENT,CORRECT,LOW RISK
3694,0,1,0.544093452607512,100.0,CASH_OUT,WRONG,MEDIUM RISK
889,1,1,0.858344427622024,8739.0,TRANSFER,CORRECT,HIGH RISK
410,1,1,0.9169620770040687,49965.0,TRANSFER,CORRECT,HIGH RISK
11192,0,0,0.03743105557678161,0.0,PAYMENT,CORRECT,LOW RISK
13189,0,0,0.11411320729994742,3398.15,PAYMENT,CORRECT,LOW RISK
18824,0,0,0.02958777092744958,278053.69,CASH_IN,CORRECT,LOW RISK
18249,0,0,0.024084675849563145,353293.17,CASH_IN,CORRECT,LOW RISK
12878,0,0,0.16488962528309878,5.54,PAYMENT,CORRECT,LOW RISK
4631,0,1,0.7304668683483628,10112.0,CASH_OUT,WRONG,HIGH RISK
11904,0,1,0.5318424972428872,3025.0,CASH_IN,WRONG,MEDIUM RISK
18630,0,0,0.07008303373903786,52933.41,CASH_IN,CORRECT,LOW RISK
1638,1,1,0.9598188047443351,10150.0,TRANSFER,CORRECT,HIGH RISK
15410,0,0,0.023001423863520745,5608.38,PAYMENT,CORRECT,LOW RISK
13256,0,0,0.08340774295221597,1554.46,PAYMENT,CORRECT,LOW RISK
13881,0,1,0.647862058274839,37029.23,CASH_OUT,WRONG,MEDIUM RISK
6371,0,1,0.6235933378027162,2012.0,CASH_OUT,WRONG,MEDIUM RISK
9334,0,0,0.08774195170717482,104.0,PAYMENT,CORRECT,LOW RISK
11233,1,0,0.03743105557678161,0.0,PAYMENT,WRONG,LOW RISK
14682,0,0,0.13972632140859026,114942.31,CASH_IN,CORRECT,LOW RISK
7919,0,1,0.6325204308331712,1267.0,CASH_OUT,WRONG,MEDIUM RISK
4603,0,1,0.90374385430667,16246.0,TRANSFER,WRONG,HIGH RISK
19382,0,0,0.03186980353672131,216709.81,CASH_IN,CORRECT,LOW RISK
16419,0,0,0.023951773009453756,119546.09,CASH_OUT,CORRECT,LOW RISK
15813,0,0,0.02893856241224332,8250.77,PAYMENT,CORRECT,LOW RISK
10956,0,0,0.012346003633969158,0.0,CASH_OUT,CORRECT,LOW RISK
19378,0,0,0.04763088337567872,193899.95,CASH_IN,CORRECT,LOW RISK
16684,0,0,0.024259288165581726,26662.18,PAYMENT,CORRECT,LOW RISK
2315,1,1,0.6783799151445618,7099.0,CASH_OUT,CORRECT,MEDIUM RISK
17999,0,0,0.0050736827265166415,207138.8,CASH_IN,CORRECT,LOW RISK
362,1,1,0.9540829727837539,11614.0,TRANSFER,CORRECT,HIGH RISK
15831,0,0,0.01877580131852452,2565.35,PAYMENT,CORRECT,LOW RISK
19420,0,0,0.058203497920278374,121595.76,CASH_IN,CORRECT,LOW RISK
14798,0,0,0.07295902590327771,10567.94,PAYMENT,CORRECT,LOW RISK
11661,0,0,0.2699186456912156,15.0,PAYMENT,CORRECT,LOW RISK
6109,0,1,0.5412431576855216,42876.0,CASH_OUT,WRONG,MEDIUM RISK
17528,0,0,0.0,247814.4,CASH_IN,CORRECT,LOW RISK
2823,1,1,0.6957973760179472,21631.0,CASH_OUT,CORRECT,MEDIUM RISK
4617,0,1,0.56662043276752,8066.0,CASH_IN,WRONG,MEDIUM RISK
9538,0,0,0.03743105557678161,0.0,PAYMENT,CORRECT,LOW RISK
19888,0,0,0.00018425940726124248,128186.19,CASH_IN,CORRECT,LOW RISK
9926,0,0,0.03743105557678161,0.0,PAYMENT,CORRECT,LOW RISK
6632,0,0,0.4552269626117824,41007.0,CASH_OUT,CORRECT,MEDIUM RISK
18434,0,0,0.030617914627663917,86214.82,CASH_IN,CORRECT,LOW RISK
7812,0,0,0.012346003633969158,0.0,CASH_OUT,CORRECT,LOW RISK
6958,0,0,0.012346003633969158,0.0,CASH_OUT,CORRECT,LOW RISK
5757,0,0,0.42814610989304347,22953.0,CASH_OUT,CORRECT,MEDIUM RISK
5898,0,1,0.6269785110671761,24921.0,CASH_OUT,WRONG,MEDIUM RISK
12139,0,0,0.03743105557678161,0.0,PAYMENT,CORRECT,LOW RISK
4921,0,1,0.624146853613978,3466.0,CASH_OUT,WRONG,MEDIUM RISK
17474,0,0,0.3388844915509889,275025.09,TRANSFER,CORRECT,MEDIUM RISK
16923,0,0,0.01180505795092226,2691.95,PAYMENT,CORRECT,LOW RISK
13166,0,0,0.12394019409264319,3543.23,PAYMENT,CORRECT,LOW RISK
3737,0,0,0.42973882443781164,27823.0,CASH_OUT,CORRECT,MEDIUM RISK
19649,0,0,0.0023503072091320713,247497.14,CASH_IN,CORRECT,LOW RISK
9952,0,0,0.03743105557678161,0.0,PAYMENT,CORRECT,LOW RISK
15469,0,0,0.07078277146806236,2822.9,PAYMENT,CORRECT,LOW RISK
8162,0,1,0.5572781988419779,32.0,CASH_OUT,WRONG,MEDIUM RISK
10979,0,0,0.10767797706642851,8951.0,PAYMENT,CORRECT,LOW RISK
9059,0,0,0.012346003633969158,0.0,CASH_OUT,CORRECT,LOW RISK
3193,0,1,0.781484962051039,10224.0,CASH_OUT,WRONG,HIGH RISK
8868,0,0,0.03743105557678161,0.0,PAYMENT,CORRECT,LOW RISK
14906,1,0,0.18197622927236362,19062.73,PAYMENT,WRONG,LOW RISK
10584,0,0,0.012346003633969158,0.0,CASH_OUT,CORRECT,LOW RISK
11024,0,0,0.03743105557678161,0.0,PAYMENT,CORRECT,LOW RISK
16961,0,0,0.002085128328402709,413.49,PAYMENT,CORRECT,LOW RISK
14623,0,0,0.1290616426864762,2541.94,PAYMENT,CORRECT,LOW RISK
7706,0,0,0.012346003633969158,0.0,CASH_OUT,CORRECT,LOW RISK
6961,0,1,0.5680795637661916,8263.0,CASH_IN,WRONG,MEDIUM RISK
16330,0,0,0.0009628918007446332,13151.43,PAYMENT,CORRECT,LOW RISK
14930,1,0,0.04774225412646274,1903.52,PAYMENT,WRONG,LOW RISK
19208,0,0,0.016264539046568063,190422.71,CASH_IN,CORRECT,LOW RISK
6368,0,0,0.454826093680911,1474.0,CASH_OUT,CORRECT,MEDIUM RISK
9490,0,0,0.03743105557678161,0.0,PAYMENT,CORRECT,LOW RISK
9411,0,0,0.03743105557678161,0.0,PAYMENT,CORRECT,LOW RISK
19815,0,0,0.0059497291466313685,191312.34,CASH_IN,CORRECT,LOW RISK
2676,1,0,0.4707173169127979,38950.0,CASH_OUT,WRONG,MEDIUM RISK
12679,0,0,0.09014510026110147,8654.17,PAYMENT,CORRECT,LOW RISK
7771,0,1,0.6577933067832451,225.0,CASH_OUT,WRONG,MEDIUM RISK
12670,0,1,0.5661409309117666,10641.79,CASH_OUT,WRONG,MEDIUM RISK
12701,0,0,0.10489661680334256,3569.37,PAYMENT,CORRECT,LOW RISK
18311,0,0,0.0,274957.27,CASH_IN,CORRECT,LOW RISK
19155,0,0,0.017010523514365022,100905.25,CASH_IN,CORRECT,LOW RISK
11912,0,0,0.03743105557678161,0.0,PAYMENT,CORRECT,LOW RISK
16747,0,0,0.02987051245824907,6965.64,PAYMENT,CORRECT,LOW RISK
9710,0,0,0.06756146310022047,145967.0,CASH_OUT,CORRECT,LOW RISK
1452,1,0,0.48292742047164805,62263.0,CASH_OUT,WRONG,MEDIUM RISK
12499,0,0,0.03743105557678161,0.0,PAYMENT,CORRECT,LOW RISK
13457,0,0,0.24671406672104929,29612.44,PAYMENT,CORRECT,LOW RISK
9810,0,0,0.03743105557678161,0.0,PAYMENT,CORRECT,LOW RISK
7776,0,1,0.5340142176979977,29849.0,CASH_OUT,WRONG,MEDIUM RISK
15731,0,0,0.04662891591149667,10735.65,PAYMENT,CORRECT,LOW RISK
5200,0,1,0.7024767219427313,16483.0,CASH_OUT,WRONG,HIGH RISK
13493,0,0,0.08252490061167223,7446.45,PAYMENT,CORRECT,LOW RISK
6962,0,0,0.43907851667216297,34.0,CASH_IN,CORRECT,MEDIUM RISK
2583,1,0,0.09804113765450874,72839.0,CASH_OUT,WRONG,LOW RISK
9191,0,0,0.012346003633969158,0.0,CASH_OUT,CORRECT,LOW RISK
4659,0,0,0.4721903707605588,39784.0,CASH_IN,CORRECT,MEDIUM RISK
14430,0,0,0.10911884367650394,10200.15,PAYMENT,CORRECT,LOW RISK
19581,0,0,0.025653490669011382,475200.5,CASH_IN,CORRECT,LOW RISK
3930,0,1,0.5404507838040641,1219.0,CASH_OUT,WRONG,MEDIUM RISK
9729,0,0,0.03743105557678161,0.0,PAYMENT,CORRECT,LOW RISK
15054,0,0,0.04139797330529991,11764.44,PAYMENT,CORRECT,LOW RISK
7064,0,0,0.4011228666402898,342.0,CASH_IN,CORRECT,MEDIUM RISK
13441,0,0,0.13790441105237541,9276.94,PAYMENT,CORRECT,LOW RISK
1742,1,1,0.7167182723752522,11435.0,CASH_OUT,CORRECT,HIGH RISK
1545,1,1,0.9579552886916385,20188.0,TRANSFER,CORRECT,HIGH RISK
10820,0,0,0.012346003633969158,0.0,CASH_OUT,CORRECT,LOW RISK
1663,1,1,0.5978643217584392,4934.0,CASH_OUT,CORRECT,MEDIUM RISK
16685,0,0,0.09138619506609824,10226.0,CASH_OUT,CORRECT,LOW RISK
3787,0,1,0.5653453031580535,4771.0,CASH_IN,WRONG,MEDIUM RISK
875,1,1,0.949339094986584,14342.0,TRANSFER,CORRECT,HIGH RISK
4130,0,0,0.45345989411548027,1108.0,CASH_OUT,CORRECT,MEDIUM RISK
19157,0,0,0.002776521778657193,13072.44,CASH_IN,CORRECT,LOW RISK
10608,0,0,0.03743105557678161,0.0,PAYMENT,CORRECT,LOW RISK
13265,0,0,0.08103170423378589,1474.27,PAYMENT,CORRECT,LOW RISK
9897,0,0,0.23133409471875602,20415.0,PAYMENT,CORRECT,LOW RISK
8915,0,0,0.03743105557678161,0.0,PAYMENT,CORRECT,LOW RISK
16588,0,0,0.00567950055846262,18593.36,PAYMENT,CORRECT,LOW RISK
9095,0,0,0.10942124653494717,78.0,PAYMENT,CORRECT,LOW RISK
2015,1,1,0.748011710967669,292.0,CASH_OUT,CORRECT,HIGH RISK
10275,0,0,0.03743105557678161,0.0,PAYMENT,CORRECT,LOW RISK
7305,0,0,0.49544405106192985,6333.0,CASH_IN,CORRECT,MEDIUM RISK
8853,0,0,0.03743105557678161,0.0,PAYMENT,CORRECT,LOW RISK
2328,1,0,0.4944821791782916,314.0,CASH_IN,WRONG,MEDIUM RISK
8957,0,0,0.03743105557678161,0.0,PAYMENT,CORRECT,LOW RISK
348,1,1,0.9161336141730015,6249.0,TRANSFER,CORRECT,HIGH RISK
5570,0,1,0.7227990925801894,22976.0,CASH_OUT,WRONG,HIGH RISK
6285,0,1,0.5874051019476002,12963.0,CASH_IN,WRONG,MEDIUM RISK
19560,0,0,0.012443124010997992,69130.76,CASH_IN,CORRECT,LOW RISK
11715,0,1,0.5696999431114634,5586.0,CASH_OUT,WRONG,MEDIUM RISK
15765,0,0,0.14880871304309648,100008.29,CASH_IN,CORRECT,LOW RISK
3274,0,1,0.5904711381995321,7792.0,CASH_OUT,WRONG,MEDIUM RISK
1003,1,1,0.738242753013577,5702.0,TRANSFER,CORRECT,HIGH RISK
18379,0,0,0.02816758974319521,45825.76,CASH_IN,CORRECT,LOW RISK
13547,0,1,0.6738502288670258,1900.68,CASH_OUT,WRONG,MEDIUM RISK
16836,0,0,0.060751641631354526,54709.91,CASH_IN,CORRECT,LOW RISK
15732,0,0,0.013271041592100036,14747.56,PAYMENT,CORRECT,LOW RISK
6116,0,1,0.7380132326782116,20439.0,CASH_OUT,WRONG,HIGH RISK
5105,0,0,0.4366194581955256,29987.0,CASH_OUT,CORRECT,MEDIUM RISK
18378,0,0,0.05117055940247603,10092.84,CASH_IN,CORRECT,LOW RISK
8642,0,0,0.03743105557678161,0.0,PAYMENT,CORRECT,LOW RISK
5996,0,0,0.01543987721886808,165476.0,CASH_OUT,CORRECT,LOW RISK
19683,0,0,0.0007794090180462161,89162.45,CASH_IN,CORRECT,LOW RISK
3887,0,1,0.5314941509685575,5578.0,CASH_IN,WRONG,MEDIUM RISK
1145,1,1,0.8892148323224055,18404.0,TRANSFER,CORRECT,HIGH RISK
13223,0,0,0.09023897976859292,7906.76,PAYMENT,CORRECT,LOW RISK
18322,0,0,0.010509280897458726,138789.59,CASH_IN,CORRECT,LOW RISK
19944,0,0,0.016496890129299214,55638.95,CASH_IN,CORRECT,LOW RISK
12634,0,0,0.11612541346551669,67.09,PAYMENT,CORRECT,LOW RISK
8424,0,0,0.03743105557678161,0.0,PAYMENT,CORRECT,LOW RISK
10519,0,0,0.07980248752887548,160.0,PAYMENT,CORRECT,LOW RISK
4916,0,1,0.676940413082852,3583.0,CASH_OUT,WRONG,MEDIUM RISK
12938,0,0,0.09603958648000596,11331.65,PAYMENT,CORRECT,LOW RISK
3118,1,1,0.7688022663576192,8811.0,CASH_OUT,CORRECT,HIGH RISK
11887,0,1,0.690826948117564,4159.0,CASH_OUT,WRONG,MEDIUM RISK
1202,1,0,0.4627562685481199,2141.0,CASH_IN,WRONG,MEDIUM RISK
1622,1,1,0.7167412928362269,6775.0,CASH_OUT,CORRECT,HIGH RISK
17361,0,0,0.11344819072840727,65912.56,CASH_IN,CORRECT,LOW RISK
2914,1,1,0.6675256243431525,3563.0,CASH_OUT,CORRECT,MEDIUM RISK
9159,0,1,0.8132090676642342,6260.0,CASH_OUT,WRONG,HIGH RISK
7037,0,1,0.5988818323893955,11152.0,CASH_OUT,WRONG,MEDIUM RISK
11943,0,0,0.11055611675463906,4159.0,PAYMENT,CORRECT,LOW RISK
9689,0,0,0.03743105557678161,0.0,PAYMENT,CORRECT,LOW RISK
4952,0,1,0.8955392257058201,7145.0,TRANSFER,WRONG,HIGH RISK
5990,0,0,0.4898023792091623,8913.0,CASH_OUT,CORRECT,MEDIUM RISK
2557,1,0,0.47199326237692013,69718.0,CASH_OUT,WRONG,MEDIUM RISK
11982,0,0,0.03743105557678161,0.0,PAYMENT,CORRECT,LOW RISK
12181,0,0,0.03743105557678161,0.0,PAYMENT,CORRECT,LOW RISK
7369,0,1,0.5735599354451206,121.0,CASH_OUT,WRONG,MEDIUM RISK
7508,0,1,0.5687375283556615,12103.0,CASH_OUT,WRONG,MEDIUM RISK
7818,0,0,0.012346003633969158,0.0,CASH_OUT,CORRECT,LOW RISK
361,1,1,0.9342270390429175,24752.0,TRANSFER,CORRECT,HIGH RISK
929,1,1,0.5263925935154452,8065.0,CASH_OUT,CORRECT,MEDIUM RISK
9888,0,1,0.5622486040063506,36707.0,CASH_OUT,WRONG,MEDIUM RISK
7677,0,0,0.4510891443863481,30619.0,CASH_IN,CORRECT,MEDIUM RISK
7174,0,0,0.29222421122634384,3.0,CASH_IN,CORRECT,LOW RISK
14375,0,0,0.20654877482271417,6398.27,PAYMENT,CORRECT,LOW RISK
12454,0,0,0.12548384206158913,2399.0,PAYMENT,CORRECT,LOW RISK
12879,0,0,0.34501064795840203,46386.18,PAYMENT,CORRECT,MEDIUM RISK
20015,0,0,0.01716896805976651,306312.89,CASH_IN,CORRECT,LOW RISK
189,1,1,0.9321043242657424,3374.0,TRANSFER,CORRECT,HIGH RISK
19229,0,0,0.0008110239085869556,372469.01,CASH_IN,CORRECT,LOW RISK
2683,1,1,0.7227369911867314,10243.0,CASH_OUT,CORRECT,HIGH RISK
354,1,1,0.8524183191963579,19252.0,TRANSFER,CORRECT,HIGH RISK
3194,0,1,0.7160521922169039,8805.0,CASH_OUT,WRONG,HIGH RISK
14819,0,0,0.029894962177255097,206.35,PAYMENT,CORRECT,LOW RISK
2867,1,0,0.3826845588415599,2702.0,CASH_IN,WRONG,MEDIUM RISK
18195,0,0,0.00415847312315101,160685.46,CASH_IN,CORRECT,LOW RISK
5628,0,0,0.4648993325057166,2106.0,CASH_IN,CORRECT,MEDIUM RISK
7827,0,0,0.4301868110561833,170.0,CASH_IN,CORRECT,MEDIUM RISK
1219,1,0,0.48800464439017976,5642.0,CASH_IN,WRONG,MEDIUM RISK
6769,0,0,0.012346003633969158,0.0,CASH_OUT,CORRECT,LOW RISK
3333,0,1,0.6041692240785005,1397.0,CASH_OUT,WRONG,MEDIUM RISK
2152,1,1,0.6415336364558367,3712.0,CASH_OUT,CORRECT,MEDIUM RISK
8977,0,0,0.18337366820724962,1855.0,PAYMENT,CORRECT,LOW RISK
716,1,1,0.7476031266538312,16459.0,CASH_OUT,CORRECT,HIGH RISK
6896,0,0,0.07963404470974353,76197.0,CASH_OUT,CORRECT,LOW RISK
3896,0,0,0.1959873971581241,71877.0,CASH_IN,CORRECT,LOW RISK
15939,0,0,0.16563024164654458,26664.43,CASH_IN,CORRECT,LOW RISK
8818,0,0,0.03743105557678161,0.0,PAYMENT,CORRECT,LOW RISK
18004,0,0,0.0,177841.76,CASH_IN,CORRECT,LOW RISK
14957,0,0,0.03589189525505623,7019.79,PAYMENT,CORRECT,LOW RISK
19473,0,0,0.0782078289537648,90414.34,CASH_IN,CORRECT,LOW RISK
6080,0,0,0.43468757798846547,1019.0,CASH_IN,CORRECT,MEDIUM RISK
10134,0,0,0.03743105557678161,0.0,PAYMENT,CORRECT,LOW RISK
6787,0,1,0.637786719691799,333.0,CASH_OUT,WRONG,MEDIUM RISK
8388,0,0,0.008137456695605175,245551.0,CASH_OUT,CORRECT,LOW RISK
12826,0,0,0.1387347020603219,19085.62,PAYMENT,CORRECT,LOW RISK
7104,0,1,0.5964137580415934,10397.0,CASH_IN,WRONG,MEDIUM RISK
9197,0,0,0.03743105557678161,0.0,PAYMENT,CORRECT,LOW RISK
15679,0,0,0.010194950564107113,642.34,PAYMENT,CORRECT,LOW RISK
4285,0,1,0.7108166227932372,2111.0,CASH_OUT,WRONG,HIGH RISK
2915,1,0,0.3895930880274027,49440.0,CASH_OUT,WRONG,MEDIUM RISK
11226,0,0,0.03743105557678161,0.0,PAYMENT,CORRECT,LOW RISK
15228,0,0,0.08022625067620032,24145.31,PAYMENT,CORRECT,LOW RISK
8383,0,1,0.5095644428743686,18789.0,CASH_OUT,WRONG,MEDIUM RISK
2666,1,1,0.5893065809726221,81.0,CASH_OUT,CORRECT,MEDIUM RISK
19497,0,0,0.06336166018004331,233671.81,CASH_IN,CORRECT,LOW RISK
10924,0,0,0.03743105557678161,0.0,PAYMENT,CORRECT,LOW RISK
17058,1,0,0.042127146274396884,83587.86,CASH_IN,WRONG,LOW RISK
18093,0,0,0.13148695286558362,89072.73,CASH_IN,CORRECT,LOW RISK
18733,0,0,0.022714062507738938,156258.63,CASH_IN,CORRECT,LOW RISK
2762,1,0,0.08320093377900394,102815.0,CASH_OUT,WRONG,LOW RISK
8653,0,1,0.6031267407268961,7.0,CASH_IN,WRONG,MEDIUM RISK
19859,0,0,0.00018425940726124248,124200.56,CASH_IN,CORRECT,LOW RISK
7453,0,0,0.012346003633969158,0.0,CASH_OUT,CORRECT,LOW RISK
13768,0,0,0.2802828194794577,3352.19,DEBIT,CORRECT,LOW RISK
3035,1,1,0.7058158171505287,1026.0,CASH_OUT,CORRECT,HIGH RISK
17150,0,0,0.09610398349778744,6209.59,PAYMENT,CORRECT,LOW RISK
20036,0,0,0.010605901330336754,162028.88,CASH_IN,CORRECT,LOW RISK
8792,0,0,0.09081417080634688,1144.0,PAYMENT,CORRECT,LOW RISK
4822,0,1,0.5846719365532322,93.0,CASH_OUT,WRONG,MEDIUM RISK
12992,1,1,0.6225811083363049,8442.16,CASH_OUT,CORRECT,MEDIUM RISK
15039,0,0,0.2921652736190291,38824.04,CASH_OUT,CORRECT,LOW RISK
358,1,1,0.9321043242657424,3205.0,TRANSFER,CORRECT,HIGH RISK
9652,0,0,0.012346003633969158,0.0,CASH_OUT,CORRECT,LOW RISK
862,1,1,0.7597630399886277,9168.0,CASH_OUT,CORRECT,HIGH RISK
3241,0,1,0.6523908039465836,12866.0,CASH_OUT,WRONG,MEDIUM RISK
19907,0,0,0.012013576192480358,63000.16,CASH_IN,CORRECT,LOW RISK
19499,0,0,0.07487270462968894,64364.77,CASH_IN,CORRECT,LOW RISK
15817,0,0,0.09107530766410729,15273.73,PAYMENT,CORRECT,LOW RISK
7526,0,0,0.009814135565852524,0.0,CASH_IN,CORRECT,LOW RISK
12917,0,0,0.14934842275971522,1993.33,PAYMENT,CORRECT,LOW RISK
10070,0,0,0.12774913575614957,83.0,PAYMENT,CORRECT,LOW RISK
13565,0,0,0.19891956965154964,15758.16,PAYMENT,CORRECT,LOW RISK
738,1,1,0.6892238285381417,2619.0,CASH_OUT,CORRECT,MEDIUM RISK
2954,1,1,0.9017531766793644,17491.0,TRANSFER,CORRECT,HIGH RISK
12916,0,0,0.07934003464080557,16022.72,PAYMENT,CORRECT,LOW RISK
10863,0,0,0.49212780333578693,74936.0,CASH_OUT,CORRECT,MEDIUM RISK
14032,0,0,0.25755295916312,76318.02,CASH_IN,CORRECT,LOW RISK
92,1,1,0.8493090810038795,4994.0,TRANSFER,CORRECT,HIGH RISK
14207,0,0,0.39470741735273696,59530.7,CASH_IN,CORRECT,MEDIUM RISK
8469,0,1,0.9455544389482324,195.0,TRANSFER,WRONG,HIGH RISK
12870,0,1,0.6357409670148207,11010.25,CASH_OUT,WRONG,MEDIUM RISK
14065,0,0,0.14468684128765244,8227.2,PAYMENT,CORRECT,LOW RISK
1705,1,1,0.5130991693055666,8776.0,CASH_OUT,CORRECT,MEDIUM RISK
19513,0,0,0.006655327663980299,81812.58,CASH_IN,CORRECT,LOW RISK
18557,0,0,0.010469501385442464,108732.83,CASH_IN,CORRECT,LOW RISK
615,1,1,0.5459357972402118,12277.0,CASH_IN,CORRECT,MEDIUM RISK
13696,0,0,0.26436285594787284,28398.37,PAYMENT,CORRECT,LOW RISK
10242,0,0,0.03743105557678161,0.0,PAYMENT,CORRECT,LOW RISK
17898,0,0,0.019682106547760057,17462.55,PAYMENT,CORRECT,LOW RISK
9905,0,0,0.03743105557678161,0.0,PAYMENT,CORRECT,LOW RISK
9870,0,0,0.03743105557678161,0.0,PAYMENT,CORRECT,LOW RISK
6361,0,0,0.13275653779030216,96029.0,CASH_OUT,CORRECT,LOW RISK
19698,0,0,0.0036821815476917436,102840.21,CASH_IN,CORRECT,LOW RISK
13868,0,0,0.132441003966336,5613.99,PAYMENT,CORRECT,LOW RISK
1195,1,1,0.9403249245023548,20063.0,TRANSFER,CORRECT,HIGH RISK
18574,1,0,0.01863548331229732,289025.75,CASH_IN,WRONG,LOW RISK
3410,0,1,0.6771850390473415,3766.0,CASH_OUT,WRONG,MEDIUM RISK
7127,0,0,0.48480554201954257,48969.0,CASH_IN,CORRECT,MEDIUM RISK
15697,0,0,0.030671399339145686,24270.78,PAYMENT,CORRECT,LOW RISK
1209,1,0,0.3090785668037075,4123.0,CASH_IN,WRONG,MEDIUM RISK
11921,0,0,0.03743105557678161,0.0,PAYMENT,CORRECT,LOW RISK
11839,0,0,0.03743105557678161,0.0,PAYMENT,CORRECT,LOW RISK
3031,1,1,0.6278071340958319,3898.0,CASH_OUT,CORRECT,MEDIUM RISK
14228,0,0,0.48632890808743395,20735.37,CASH_OUT,CORRECT,MEDIUM RISK
19080,0,0,0.012978113806776166,108248.29,CASH_IN,CORRECT,LOW RISK
18139,0,0,0.0035778247537510666,134370.0,CASH_IN,CORRECT,LOW RISK
18199,0,0,0.002701519562726259,146197.29,CASH_IN,CORRECT,LOW RISK
2353,1,1,0.6999598706948875,20428.0,CASH_OUT,CORRECT,MEDIUM RISK
2703,1,0,0.4651968647201409,339.0,CASH_IN,WRONG,MEDIUM RISK
16934,0,0,0.016858023312758468,6518.26,PAYMENT,CORRECT,LOW RISK
17904,0,0,0.019501026442153947,16245.55,PAYMENT,CORRECT,LOW RISK
7248,0,1,0.6814298477308007,12476.0,CASH_OUT,WRONG,MEDIUM RISK
17511,0,0,0.01858506099592233,5304.51,PAYMENT,CORRECT,LOW RISK
10247,0,0,0.03743105557678161,0.0,PAYMENT,CORRECT,LOW RISK
7224,0,0,0.012346003633969158,0.0,CASH_OUT,CORRECT,LOW RISK
6112,0,0,0.09769503872799805,353262.0,CASH_OUT,CORRECT,LOW RISK
7994,0,1,0.6474724439083304,13284.0,CASH_IN,WRONG,MEDIUM RISK
14999,1,0,0.02177124190177524,6608.18,PAYMENT,WRONG,LOW RISK
4057,0,1,0.7489727192841875,8654.0,CASH_OUT,WRONG,HIGH RISK
7009,0,0,0.012346003633969158,0.0,CASH_OUT,CORRECT,LOW RISK
9209,0,0,0.03743105557678161,0.0,PAYMENT,CORRECT,LOW RISK
15674,0,0,0.11385119588799895,108682.73,CASH_IN,CORRECT,LOW RISK
16571,0,0,0.00264352364383995,258724.68,CASH_OUT,CORRECT,LOW RISK
16888,0,0,0.0,302667.75,CASH_OUT,CORRECT,LOW RISK
15545,0,0,0.2279618851715001,57376.74,PAYMENT,CORRECT,LOW RISK
6035,0,1,0.8437946999804001,6297.0,CASH_OUT,WRONG,HIGH RISK
7227,0,1,0.6649033241109605,542.0,CASH_OUT,WRONG,MEDIUM RISK
9498,0,0,0.012346003633969158,0.0,CASH_OUT,CORRECT,LOW RISK
7282,0,0,0.28698648173617264,25445.0,CASH_OUT,CORRECT,LOW RISK
1247,1,0,0.28471642927532825,27749.0,CASH_OUT,WRONG,LOW RISK
2337,1,1,0.7052873682562343,3207.0,CASH_OUT,CORRECT,HIGH RISK
7766,0,0,0.012346003633969158,0.0,CASH_OUT,CORRECT,LOW RISK
10161,0,1,0.6478788947360392,3897.0,CASH_OUT,WRONG,MEDIUM RISK
1183,1,0,0.48648658501336045,7203.0,CASH_OUT,WRONG,MEDIUM RISK
1704,1,1,0.6471482745467033,11338.0,CASH_OUT,CORRECT,MEDIUM RISK
10617,0,0,0.1066827231766473,3700.0,PAYMENT,CORRECT,LOW RISK
986,1,0,0.46220587363874094,713.0,CASH_IN,WRONG,MEDIUM RISK
11114,0,1,0.6149855909738968,3129.0,CASH_OUT,WRONG,MEDIUM RISK
11480,0,0,0.03743105557678161,0.0,PAYMENT,CORRECT,LOW RISK
11484,0,0,0.21430303105465304,64458.0,CASH_OUT,CORRECT,LOW RISK
9377,0,0,0.17249841305105776,873.0,PAYMENT,CORRECT,LOW RISK
14007,0,0,0.15394522379901163,8541.74,PAYMENT,CORRECT,LOW RISK
11156,0,0,0.03743105557678161,0.0,PAYMENT,CORRECT,LOW RISK
17755,0,0,0.01629811762598073,1916.91,PAYMENT,CORRECT,LOW RISK
10726,0,0,0.03743105557678161,0.0,PAYMENT,CORRECT,LOW RISK
19337,0,0,0.10761068458650806,278822.43,CASH_IN,CORRECT,LOW RISK
6516,0,1,0.6339701542684443,11375.0,CASH_OUT,WRONG,MEDIUM RISK
1934,1,1,0.7557311226962474,18897.0,CASH_OUT,CORRECT,HIGH RISK
18406,0,0,0.00640584372980037,334491.89,CASH_IN,CORRECT,LOW RISK
19454,0,0,0.09653891124112464,68234.24,CASH_IN,CORRECT,LOW RISK
883,1,1,0.7415939474740525,23259.0,CASH_OUT,CORRECT,HIGH RISK
18246,0,0,0.03516495583796848,110004.0,CASH_IN,CORRECT,LOW RISK
3589,0,1,0.6242497528871973,2894.0,CASH_OUT,WRONG,MEDIUM RISK
7663,0,0,0.42862465707079755,67792.0,CASH_OUT,CORRECT,MEDIUM RISK
4511,0,1,0.6902236539659512,19196.0,CASH_OUT,WRONG,MEDIUM RISK
16531,0,1,0.5773846118050436,190541.03,TRANSFER,WRONG,MEDIUM RISK
9981,0,0,0.1384791333800832,2113.0,PAYMENT,CORRECT,LOW RISK
3925,0,0,0.4756007186168501,16666.0,CASH_OUT,CORRECT,MEDIUM RISK
18115,0,0,0.04709535246197909,90867.6,CASH_IN,CORRECT,LOW RISK
1301,1,1,0.6203964666139956,7953.0,CASH_OUT,CORRECT,MEDIUM RISK
2605,1,1,0.6961937860396908,19803.0,CASH_OUT,CORRECT,MEDIUM RISK
2430,1,1,0.5926014366397157,13444.0,CASH_OUT,CORRECT,MEDIUM RISK
6614,0,0,0.16249642040077197,1932.0,CASH_IN,CORRECT,LOW RISK
3326,0,1,0.6048215099547366,700.0,CASH_IN,WRONG,MEDIUM RISK
638,1,1,0.7052268175563521,15507.0,CASH_OUT,CORRECT,HIGH RISK
11578,0,0,0.03743105557678161,0.0,PAYMENT,CORRECT,LOW RISK
4148,0,1,0.7187833254286141,21219.0,CASH_OUT,WRONG,HIGH RISK
15384,0,0,0.03181788743213116,1947.12,PAYMENT,CORRECT,LOW RISK
18591,0,0,0.010949988982715868,42464.05,CASH_IN,CORRECT,LOW RISK
13342,0,0,0.11331722017469534,503.93,PAYMENT,CORRECT,LOW RISK
10413,0,0,0.03743105557678161,0.0,PAYMENT,CORRECT,LOW RISK
4614,0,1,0.8084409948055996,7969.0,CASH_OUT,WRONG,HIGH RISK
19958,0,0,0.0013056681150222143,144637.54,CASH_IN,CORRECT,LOW RISK
12898,0,1,0.6167685837650297,43771.12,CASH_OUT,WRONG,MEDIUM RISK
9452,0,0,0.03743105557678161,0.0,PAYMENT,CORRECT,LOW RISK
15576,0,0,0.15903893523282886,845.52,CASH_OUT,CORRECT,LOW RISK
19463,0,0,0.12319462863635047,127314.11,CASH_IN,CORRECT,LOW RISK
4709,0,1,0.7245522832573161,18235.0,CASH_OUT,WRONG,HIGH RISK
3042,1,1,0.6773324832486175,12434.0,CASH_OUT,CORRECT,MEDIUM RISK
11285,0,0,0.03743105557678161,0.0,PAYMENT,CORRECT,LOW RISK
1605,1,0,0.4424521781402605,401.0,CASH_IN,WRONG,MEDIUM RISK
12777,0,0,0.1742921374267044,2058.67,PAYMENT,CORRECT,LOW RISK
2258,1,0,0.4360740127778325,16346.0,CASH_OUT,WRONG,MEDIUM RISK
7561,0,0,0.06135599376955082,198015.0,CASH_OUT,CORRECT,LOW RISK
8928,0,0,0.012346003633969158,0.0,CASH_OUT,CORRECT,LOW RISK
11731,0,0,0.03743105557678161,0.0,PAYMENT,CORRECT,LOW RISK
18868,0,0,0.0038607229472225457,401732.87,CASH_IN,CORRECT,LOW RISK
8013,0,1,0.531085653890021,11809.0,CASH_OUT,WRONG,MEDIUM RISK
12531,0,0,0.05915944871560216,82.0,PAYMENT,CORRECT,LOW RISK
5486,0,0,0.3965192433975382,115.0,CASH_IN,CORRECT,MEDIUM RISK
1611,1,1,0.6347340988404493,3699.0,CASH_OUT,CORRECT,MEDIUM RISK
8336,0,0,0.0,0.0,TRANSFER,CORRECT,LOW RISK
19140,0,0,0.06306178101128229,260495.19,CASH_IN,CORRECT,LOW RISK
14297,0,0,0.4245684212353904,15352.9,CASH_OUT,CORRECT,MEDIUM RISK
3485,0,1,0.5078688985326525,3.0,CASH_IN,WRONG,MEDIUM RISK
18054,0,0,0.00013857913892734744,146881.33,CASH_IN,CORRECT,LOW RISK
6242,0,1,0.920065736048944,10117.0,TRANSFER,WRONG,HIGH RISK
9427,0,0,0.03743105557678161,0.0,PAYMENT,CORRECT,LOW RISK
16960,0,0,0.06163012139468036,59064.41,CASH_OUT,CORRECT,LOW RISK
9933,0,0,0.012346003633969158,0.0,CASH_OUT,CORRECT,LOW RISK
6401,0,1,0.7474059998271189,20927.0,CASH_OUT,WRONG,HIGH RISK
6466,0,1,0.8898618583290312,6417.0,TRANSFER,WRONG,HIGH RISK
4887,0,0,0.16224821767362435,8217.0,CASH_OUT,CORRECT,LOW RISK
11012,0,0,0.03743105557678161,0.0,PAYMENT,CORRECT,LOW RISK
10849,0,0,0.03743105557678161,0.0,PAYMENT,CORRECT,LOW RISK
17493,0,0,0.0017329324555492192,224378.18,CASH_OUT,CORRECT,LOW RISK
11754,0,0,0.03743105557678161,0.0,PAYMENT,CORRECT,LOW RISK
16328,0,0,0.002184396236278098,145736.44,CASH_OUT,CORRECT,LOW RISK
13243,0,0,0.1426669648621738,14277.03,PAYMENT,CORRECT,LOW RISK
8025,0,1,0.5605017610737896,462286.0,TRANSFER,WRONG,MEDIUM RISK
5275,0,1,0.7508968061988789,23475.0,CASH_OUT,WRONG,HIGH RISK
16137,0,0,0.07307499468373088,8090.37,PAYMENT,CORRECT,LOW RISK
7881,0,0,0.42259021234866945,33248.0,CASH_OUT,CORRECT,MEDIUM RISK
6345,0,1,0.7564281913463092,10195.0,CASH_OUT,WRONG,HIGH RISK
15825,0,0,0.01056106101060444,5095.98,PAYMENT,CORRECT,LOW RISK
8684,0,0,0.12346236277396326,5384.0,PAYMENT,CORRECT,LOW RISK
15055,0,0,0.028268263388584954,4977.8,PAYMENT,CORRECT,LOW RISK
15431,0,0,0.015506860366981684,6237.48,PAYMENT,CORRECT,LOW RISK
15482,0,0,0.02981093665059726,1186.31,PAYMENT,CORRECT,LOW RISK
2871,1,1,0.7794223063244209,4391.0,CASH_OUT,CORRECT,HIGH RISK
15799,0,0,0.028450111276725313,141407.86,CASH_OUT,CORRECT,LOW RISK
3705,0,1,0.638532512205548,21147.0,CASH_OUT,WRONG,MEDIUM RISK
17386,0,0,0.004123719406251243,13263.37,PAYMENT,CORRECT,LOW RISK
19789,0,0,0.010896375377054098,57254.62,CASH_IN,CORRECT,LOW RISK
4091,0,0,0.1931488143973013,3333.0,CASH_OUT,CORRECT,LOW RISK
17056,0,0,0.09041931072648536,17999.84,CASH_OUT,CORRECT,LOW RISK
5833,0,1,0.9457986945345802,21044.0,TRANSFER,WRONG,HIGH RISK
11280,0,1,0.5421678977518044,546.0,CASH_OUT,WRONG,MEDIUM RISK
749,1,1,0.9325693897858781,7146.0,TRANSFER,CORRECT,HIGH RISK
13040,0,0,0.0871400278102738,2621.32,PAYMENT,CORRECT,LOW RISK
10574,0,0,0.03743105557678161,0.0,PAYMENT,CORRECT,LOW RISK
641,1,1,0.9336506607731717,4263.0,TRANSFER,CORRECT,HIGH RISK
18628,0,0,0.06835637784126716,169312.16,CASH_IN,CORRECT,LOW RISK
3071,1,1,0.6602954474658539,3488.0,CASH_OUT,CORRECT,MEDIUM RISK
1951,1,1,0.9165948732829017,7725.0,TRANSFER,CORRECT,HIGH RISK
9310,0,0,0.03743105557678161,0.0,PAYMENT,CORRECT,LOW RISK
1182,1,0,0.46225769583671356,14.0,CASH_OUT,WRONG,MEDIUM RISK
1439,1,1,0.6787222626308282,12737.0,CASH_OUT,CORRECT,MEDIUM RISK
12167,0,0,0.0,0.0,DEBIT,CORRECT,LOW RISK
4319,0,1,0.6624111611221544,5745.0,CASH_IN,WRONG,MEDIUM RISK
443,1,1,0.9426623707969753,4359.0,TRANSFER,CORRECT,HIGH RISK
9053,0,1,0.641713678477016,22179.0,CASH_OUT,WRONG,MEDIUM RISK
18105,0,0,0.05554161998910395,354308.99,CASH_IN,CORRECT,LOW RISK
72,1,1,0.8425573396701874,802.0,TRANSFER,CORRECT,HIGH RISK
11283,1,0,0.03743105557678161,0.0,PAYMENT,WRONG,LOW RISK
9811,0,0,0.03743105557678161,0.0,PAYMENT,CORRECT,LOW RISK
19589,0,0,0.0029638052543243137,92047.73,CASH_IN,CORRECT,LOW RISK
5931,0,1,0.6406875579877759,16289.0,CASH_OUT,WRONG,MEDIUM RISK
6887,0,1,0.6483686990117132,2304.0,CASH_OUT,WRONG,MEDIUM RISK
15840,0,0,0.009917408358412733,4338.35,PAYMENT,CORRECT,LOW RISK
7951,0,0,0.4208737255931431,7206.0,CASH_IN,CORRECT,MEDIUM RISK
17682,0,0,0.060768404016599,88493.9,CASH_OUT,CORRECT,LOW RISK
524,1,1,0.776144033456686,116763.0,TRANSFER,CORRECT,HIGH RISK
1128,1,1,0.8182277986405735,7421.0,TRANSFER,CORRECT,HIGH RISK
2798,1,1,0.9462433763998374,8927.0,TRANSFER,CORRECT,HIGH RISK
17925,0,0,0.00793900295897493,476663.63,CASH_IN,CORRECT,LOW RISK
9902,0,0,0.03743105557678161,0.0,PAYMENT,CORRECT,LOW RISK
5055,0,1,0.6928494546704141,15073.0,CASH_OUT,WRONG,MEDIUM RISK
6360,0,1,0.6201497609303808,2726.0,CASH_OUT,WRONG,MEDIUM RISK
16945,0,0,0.016858023312758468,6589.61,PAYMENT,CORRECT,LOW RISK
11928,0,0,0.012346003633969158,0.0,CASH_OUT,CORRECT,LOW RISK
15231,0,0,0.011316129227273921,10865.12,PAYMENT,CORRECT,LOW RISK
8389,0,1,0.7675912965136753,16782.0,CASH_OUT,WRONG,HIGH RISK
15176,0,0,0.31154421428080836,42032.29,CASH_OUT,CORRECT,MEDIUM RISK
2726,1,0,0.4623095308739035,51794.0,CASH_IN,WRONG,MEDIUM RISK
18207,0,0,0.03596840907609068,22328.9,CASH_IN,CORRECT,LOW RISK
10016,0,0,0.03743105557678161,0.0,PAYMENT,CORRECT,LOW RISK
13628,0,0,0.15721475323611614,13681.43,PAYMENT,CORRECT,LOW RISK
18505,0,0,0.01428211686016982,103334.17,CASH_IN,CORRECT,LOW RISK
3281,0,1,0.6285917335139775,25011.0,CASH_IN,WRONG,MEDIUM RISK
9770,0,0,0.03743105557678161,0.0,PAYMENT,CORRECT,LOW RISK
19234,0,0,0.017600386701955847,208812.05,CASH_IN,CORRECT,LOW RISK
14323,0,0,0.18394154311230818,13215.11,PAYMENT,CORRECT,LOW RISK
1684,1,1,0.7159199651988039,8828.0,CASH_OUT,CORRECT,HIGH RISK
12202,0,0,0.03743105557678161,0.0,PAYMENT,CORRECT,LOW RISK
18739,0,0,0.05976625252956607,96702.38,CASH_IN,CORRECT,LOW RISK
14373,0,0,0.10686683821461497,13784.39,PAYMENT,CORRECT,LOW RISK
18366,0,0,0.024084675849563145,454136.31,CASH_IN,CORRECT,LOW RISK
4295,0,1,0.6686163487195651,4395.0,CASH_OUT,WRONG,MEDIUM RISK
597,1,1,0.9120897048567289,1415.0,TRANSFER,CORRECT,HIGH RISK
7380,0,0,0.012346003633969158,0.0,CASH_OUT,CORRECT,LOW RISK
1238,1,1,0.8739757866181407,478.0,TRANSFER,CORRECT,HIGH RISK
14936,0,0,0.022739911525975674,1677.67,PAYMENT,CORRECT,LOW RISK
651,1,1,0.9164496195253968,12126.0,TRANSFER,CORRECT,HIGH RISK
14686,0,0,0.1465650455956953,2445.33,PAYMENT,CORRECT,LOW RISK
5638,0,1,0.6381210133633377,13656.0,CASH_OUT,WRONG,MEDIUM RISK
6842,0,0,0.0,0.0,TRANSFER,CORRECT,LOW RISK
9534,0,0,0.03743105557678161,0.0,PAYMENT,CORRECT,LOW RISK
2002,1,0,0.33349002412677353,3283.0,CASH_IN,WRONG,MEDIUM RISK
1890,1,0,0.48424528087132174,134.0,CASH_IN,WRONG,MEDIUM RISK
3984,0,1,0.7193761597938526,10544.0,CASH_OUT,WRONG,HIGH RISK
1668,1,1,0.5709002886395438,14759.0,CASH_IN,CORRECT,MEDIUM RISK
818,1,1,0.8902276678680914,34234.0,TRANSFER,CORRECT,HIGH RISK
2000,1,1,0.9259657413528762,9131.0,TRANSFER,CORRECT,HIGH RISK
15914,0,0,0.09033313081361313,36677.04,CASH_OUT,CORRECT,LOW RISK
19132,1,0,0.009978928050452193,63116.69,CASH_IN,WRONG,LOW RISK
9684,0,0,0.3041631797248888,597.0,PAYMENT,CORRECT,MEDIUM RISK
14694,0,0,0.12126687504491071,12331.93,PAYMENT,CORRECT,LOW RISK
7212,0,0,0.012346003633969158,0.0,CASH_OUT,CORRECT,LOW RISK
7321,0,1,0.623812708291448,414.0,CASH_OUT,WRONG,MEDIUM RISK
614,1,1,0.8946207925685437,34874.0,TRANSFER,CORRECT,HIGH RISK
9362,0,0,0.03743105557678161,0.0,PAYMENT,CORRECT,LOW RISK
19194,0,0,0.047823483336384365,288352.74,CASH_IN,CORRECT,LOW RISK
3730,0,1,0.9475618703224433,3089.0,TRANSFER,WRONG,HIGH RISK
16051,0,0,0.36823200887888147,4075.15,DEBIT,CORRECT,MEDIUM RISK
17241,0,0,0.02418530761700786,101066.42,CASH_IN,CORRECT,LOW RISK
18050,0,0,0.0,165112.19,CASH_IN,CORRECT,LOW RISK
18594,0,0,0.008301013818172357,201734.98,CASH_IN,CORRECT,LOW RISK
8172,0,1,0.753558337609593,7919.0,CASH_OUT,WRONG,HIGH RISK
17235,0,0,0.06888853606334457,69191.64,CASH_OUT,CORRECT,LOW RISK
2809,1,0,0.4230707463573055,2032.0,CASH_IN,WRONG,MEDIUM RISK
18182,0,0,0.13733756564318986,50016.01,CASH_OUT,CORRECT,LOW RISK
15897,0,0,0.01415263322916979,1420.23,PAYMENT,CORRECT,LOW RISK
17022,0,0,0.0,290853.15,CASH_IN,CORRECT,LOW RISK
14186,0,0,0.1819457328050075,16735.54,PAYMENT,CORRECT,LOW RISK
14248,0,0,0.15082625485554202,1948.49,PAYMENT,CORRECT,LOW RISK
18518,0,0,0.005467245469813407,354198.3,CASH_IN,CORRECT,LOW RISK
6480,0,1,0.5185844947150385,5.0,CASH_IN,WRONG,MEDIUM RISK
13885,0,0,0.1502885750949999,10329.72,PAYMENT,CORRECT,LOW RISK
9217,0,0,0.13647148352253546,62.0,PAYMENT,CORRECT,LOW RISK
13244,0,0,0.14637456953727118,2632.57,PAYMENT,CORRECT,LOW RISK
6618,0,1,0.7137765625852507,18045.0,CASH_OUT,WRONG,HIGH RISK
1261,1,1,0.6880704753706707,230.0,CASH_OUT,CORRECT,MEDIUM RISK
9125,0,0,0.012346003633969158,0.0,CASH_OUT,CORRECT,LOW RISK
8926,0,0,0.03743105557678161,0.0,PAYMENT,CORRECT,LOW RISK
9153,0,0,0.012346003633969158,0.0,CASH_OUT,CORRECT,LOW RISK
16563,0,0,0.1140416246556188,42141.25,CASH_OUT,CORRECT,LOW RISK
3581,0,1,0.5672302690266509,5613.0,CASH_OUT,WRONG,MEDIUM RISK
14894,0,0,0.052596957810115495,1914.6,PAYMENT,CORRECT,LOW RISK
7756,0,0,0.19450187204587363,44613.0,CASH_IN,CORRECT,LOW RISK
15624,0,0,0.04691813954818533,12618.08,PAYMENT,CORRECT,LOW RISK
15326,0,0,0.039492681186998654,9925.83,PAYMENT,CORRECT,LOW RISK
4322,0,0,0.48728096325124226,38884.0,CASH_IN,CORRECT,MEDIUM RISK
14439,0,0,0.1851266303398943,419.1,PAYMENT,CORRECT,LOW RISK
16153,0,0,0.021402209909081343,14268.87,PAYMENT,CORRECT,LOW RISK
10213,0,0,0.03743105557678161,0.0,PAYMENT,CORRECT,LOW RISK
11668,0,0,0.03743105557678161,0.0,PAYMENT,CORRECT,LOW RISK
18954,0,0,0.006125585183203921,299234.56,CASH_IN,CORRECT,LOW RISK
6625,0,0,0.40123275981588946,40560.0,CASH_OUT,CORRECT,MEDIUM RISK
10206,0,0,0.3287367693862906,9033.0,CASH_IN,CORRECT,MEDIUM RISK
10204,0,0,0.24766729439918345,26459.0,PAYMENT,CORRECT,LOW RISK
4872,0,1,0.9484953700391143,3584.0,TRANSFER,WRONG,HIGH RISK
4284,0,1,0.577257111474885,24858.0,CASH_OUT,WRONG,MEDIUM RISK
3715,0,1,0.5942903969716697,11488.0,CASH_OUT,WRONG,MEDIUM RISK
15383,0,0,0.264588189803203,6023.12,CASH_IN,CORRECT,LOW RISK
14717,0,0,0.10048669976703366,1073.11,PAYMENT,CORRECT,LOW RISK
732,1,0,0.3960102179811984,6613.0,CASH_IN,WRONG,MEDIUM RISK
6652,0,1,0.5853070149356246,3030.0,CASH_OUT,WRONG,MEDIUM RISK
8925,0,0,0.012346003633969158,0.0,CASH_OUT,CORRECT,LOW RISK
4174,0,1,0.5585289240014222,24683.0,CASH_OUT,WRONG,MEDIUM RISK
10169,0,0,0.03743105557678161,0.0,PAYMENT,CORRECT,LOW RISK
6147,0,0,0.35263217574272043,21779.0,CASH_OUT,CORRECT,MEDIUM RISK
13589,0,0,0.12420047949464345,6390.88,PAYMENT,CORRECT,LOW RISK
5261,0,1,0.685929722679634,13683.0,CASH_OUT,WRONG,MEDIUM RISK
19112,0,0,0.0123575098512009,345100.84,CASH_IN,CORRECT,LOW RISK
8083,0,0,0.012346003633969158,0.0,CASH_OUT,CORRECT,LOW RISK
9615,0,0,0.10514298958796019,953.0,PAYMENT,CORRECT,LOW RISK
13521,1,0,0.48809971340964986,6502.87,CASH_IN,WRONG,MEDIUM RISK
884,1,1,0.6284053865034347,39.0,CASH_OUT,CORRECT,MEDIUM RISK
8237,0,0,0.4550796453814783,18917.0,CASH_OUT,CORRECT,MEDIUM RISK
16069,0,0,0.0525566714582629,9122.18,PAYMENT,CORRECT,LOW RISK
17839,0,0,0.019023310575230132,82697.83,CASH_IN,CORRECT,LOW RISK
1313,1,0,0.4104172300183662,16757.0,CASH_IN,WRONG,MEDIUM RISK
14890,1,0,0.018724897532071887,516.55,PAYMENT,WRONG,LOW RISK
19063,0,0,0.0034090421716528197,459989.94,CASH_IN,CORRECT,LOW RISK
3616,0,1,0.6019240029418349,36280.0,CASH_OUT,WRONG,MEDIUM RISK
5625,0,1,0.7042133797769982,4181.0,CASH_OUT,WRONG,HIGH RISK
11306,0,0,0.03743105557678161,0.0,PAYMENT,CORRECT,LOW RISK
2677,1,1,0.6626278845644807,23423.0,CASH_OUT,CORRECT,MEDIUM RISK
17325,0,0,0.0004056601820054488,13417.57,PAYMENT,CORRECT,LOW RISK
10054,0,0,0.03743105557678161,0.0,PAYMENT,CORRECT,LOW RISK
18723,0,0,0.019814108510798834,120856.3,CASH_IN,CORRECT,LOW RISK
9548,0,0,0.03743105557678161,0.0,PAYMENT,CORRECT,LOW RISK
15285,0,1,0.8591200036688157,32666.29,TRANSFER,WRONG,HIGH RISK
5741,0,1,0.8332403853270649,6599.0,CASH_OUT,WRONG,HIGH RISK
7993,0,0,0.03743105557678161,0.0,PAYMENT,CORRECT,LOW RISK
8411,0,0,0.03743105557678161,0.0,PAYMENT,CORRECT,LOW RISK
629,1,1,0.7749295329009448,7370.0,CASH_OUT,CORRECT,HIGH RISK
4632,0,1,0.7537612496480013,17004.0,CASH_OUT,WRONG,HIGH RISK
10462,0,0,0.3604593919787265,2995.0,PAYMENT,CORRECT,MEDIUM RISK
9586,0,0,0.03743105557678161,0.0,PAYMENT,CORRECT,LOW RISK
6902,0,0,0.012346003633969158,0.0,CASH_OUT,CORRECT,LOW RISK
13528,0,0,0.07537143825778407,7929.49,PAYMENT,CORRECT,LOW RISK
10353,0,0,0.1229513286817083,6298.0,PAYMENT,CORRECT,LOW RISK
1502,1,1,0.8269793291713355,39010.0,TRANSFER,CORRECT,HIGH RISK
249,1,1,0.8934199503106984,10345.0,TRANSFER,CORRECT,HIGH RISK
10539,0,0,0.13701287204854157,3562.0,PAYMENT,CORRECT,LOW RISK
15704,0,0,0.01777322811566964,3453.18,PAYMENT,CORRECT,LOW RISK
5111,0,1,0.7139006366517852,4507.0,CASH_OUT,WRONG,HIGH RISK
6238,0,1,0.579001696589615,162.0,CASH_OUT,WRONG,MEDIUM RISK
2336,1,1,0.573288553983941,72.0,CASH_OUT,CORRECT,MEDIUM RISK
7041,0,1,0.6671223247079862,3216.0,CASH_OUT,WRONG,MEDIUM RISK
190,1,1,0.8639698739013018,6829.0,TRANSFER,CORRECT,HIGH RISK
13844,0,0,0.37004282582657116,64936.67,CASH_OUT,CORRECT,MEDIUM RISK
13379,0,0,0.10686875278871431,10654.42,PAYMENT,CORRECT,LOW RISK
3970,0,1,0.775356823028534,19395.0,CASH_OUT,WRONG,HIGH RISK
8929,0,0,0.111143997983518,120.0,PAYMENT,CORRECT,LOW RISK
2129,1,1,0.6546689018412186,2890.0,CASH_OUT,CORRECT,MEDIUM RISK
18006,0,0,0.0237365685842587,23318.08,CASH_IN,CORRECT,LOW RISK
16190,0,0,0.16990080118470297,2700.18,CASH_OUT,CORRECT,LOW RISK
1543,1,1,0.5328295421282758,30443.0,CASH_OUT,CORRECT,MEDIUM RISK
4993,0,0,0.37523686684272034,7498.0,CASH_IN,CORRECT,MEDIUM RISK
18983,0,0,0.0010929301185124644,559255.0,CASH_IN,CORRECT,LOW RISK
621,1,1,0.948256954286449,3596.0,TRANSFER,CORRECT,HIGH RISK
13218,0,1,0.5484132966091082,21185.75,CASH_OUT,WRONG,MEDIUM RISK
3769,0,1,0.9273601625337203,15870.0,TRANSFER,WRONG,HIGH RISK
2361,1,1,0.5147537435510304,6700.0,CASH_IN,CORRECT,MEDIUM RISK
15106,0,0,0.15700725073278318,59717.83,CASH_IN,CORRECT,LOW RISK
6024,0,1,0.6382790213599395,610.0,CASH_OUT,WRONG,MEDIUM RISK
19552,0,0,0.001814645333901508,187636.89,CASH_IN,CORRECT,LOW RISK
17672,0,0,0.028439033367210778,75451.78,CASH_IN,CORRECT,LOW RISK
13194,0,0,0.14735785733915593,2943.61,PAYMENT,CORRECT,LOW RISK
10801,0,0,0.03743105557678161,0.0,PAYMENT,CORRECT,LOW RISK
17271,0,0,0.0016212415130940829,207217.59,CASH_IN,CORRECT,LOW RISK
243,1,1,0.9343000104794066,7045.0,TRANSFER,CORRECT,HIGH RISK
3747,0,1,0.7386446270241902,6857.0,CASH_OUT,WRONG,HIGH RISK
1112,1,1,0.7475581237298404,7417.0,CASH_OUT,CORRECT,HIGH RISK
9275,0,1,0.6945300201151408,4026.0,CASH_OUT,WRONG,MEDIUM RISK
17198,0,0,0.011621241513094082,183605.15,CASH_OUT,CORRECT,LOW RISK
8738,0,0,0.03743105557678161,0.0,PAYMENT,CORRECT,LOW RISK
7287,0,0,0.012346003633969158,0.0,CASH_OUT,CORRECT,LOW RISK
2170,1,1,0.566957337313717,1452.0,CASH_OUT,CORRECT,MEDIUM RISK
13455,0,0,0.08696888425304401,6422.27,PAYMENT,CORRECT,LOW RISK
13109,0,0,0.43911582749852807,27932.57,CASH_OUT,CORRECT,MEDIUM RISK
3667,0,0,0.47226496483518915,1504.0,CASH_IN,CORRECT,MEDIUM RISK
18382,0,0,0.02701458767199269,20191.3,PAYMENT,CORRECT,LOW RISK
10854,0,0,0.03743105557678161,0.0,PAYMENT,CORRECT,LOW RISK
7008,0,0,0.012346003633969158,0.0,CASH_OUT,CORRECT,LOW RISK
5899,0,1,0.5564075932935196,2089.0,CASH_OUT,WRONG,MEDIUM RISK
15189,0,0,0.027737621495025497,995.31,PAYMENT,CORRECT,LOW RISK
14278,0,0,0.16364121753005947,5126.57,PAYMENT,CORRECT,LOW RISK
6613,0,1,0.9142301749253732,23143.0,TRANSFER,WRONG,HIGH RISK
448,1,1,0.8058444207155194,6515.0,TRANSFER,CORRECT,HIGH RISK
11931,0,0,0.2311667735036513,1881.0,PAYMENT,CORRECT,LOW RISK
4338,0,1,0.7786202440575893,5376.0,CASH_OUT,WRONG,HIGH RISK
16605,0,0,0.006940692061697803,2449.23,PAYMENT,CORRECT,LOW RISK
13756,0,0,0.10929523152046924,12552.71,PAYMENT,CORRECT,LOW RISK
8267,0,0,0.012346003633969158,0.0,CASH_OUT,CORRECT,LOW RISK
5737,0,1,0.6812076340000429,20122.0,CASH_OUT,WRONG,MEDIUM RISK
10655,0,0,0.012346003633969158,0.0,CASH_OUT,CORRECT,LOW RISK
17003,0,0,0.01170766219663963,3362.3,PAYMENT,CORRECT,LOW RISK
11433,0,0,0.1800302932713583,28136.0,PAYMENT,CORRECT,LOW RISK
17901,0,0,0.0,252874.71,CASH_IN,CORRECT,LOW RISK
12112,0,0,0.03743105557678161,0.0,PAYMENT,CORRECT,LOW RISK
384,1,1,0.776393463608393,131126.0,TRANSFER,CORRECT,HIGH RISK
1932,1,1,0.5877261308619944,9233.0,CASH_OUT,CORRECT,MEDIUM RISK
2598,1,1,0.5289006752519678,1182.0,CASH_OUT,CORRECT,MEDIUM RISK
14331,0,0,0.1576577377866756,918.65,PAYMENT,CORRECT,LOW RISK
16928,0,0,0.03357955336321771,37411.09,PAYMENT,CORRECT,LOW RISK
7286,0,1,0.5045210356845138,10003.0,CASH_IN,WRONG,MEDIUM RISK
4004,0,1,0.7049447856834138,3503.0,CASH_OUT,WRONG,HIGH RISK
3250,0,1,0.7033329165993395,15987.0,CASH_OUT,WRONG,HIGH RISK
6643,0,0,0.49859050003781463,31203.0,CASH_OUT,CORRECT,MEDIUM RISK
10354,0,0,0.10783305305147806,6273.0,PAYMENT,CORRECT,LOW RISK
16719,0,0,0.03251865848964107,127.91,PAYMENT,CORRECT,LOW RISK
17060,0,0,0.013867402333135352,7504.87,PAYMENT,CORRECT,LOW RISK
3712,0,1,0.6793263912661258,2452.0,CASH_OUT,WRONG,MEDIUM RISK
12537,0,0,0.03743105557678161,0.0,PAYMENT,CORRECT,LOW RISK
5526,0,1,0.6445231134701457,21219.0,CASH_OUT,WRONG,MEDIUM RISK
363,1,1,0.6384072031400618,22386.0,CASH_OUT,CORRECT,MEDIUM RISK
11972,0,0,0.03743105557678161,0.0,PAYMENT,CORRECT,LOW RISK
6619,0,1,0.5811296953926606,46382.0,CASH_OUT,WRONG,MEDIUM RISK
8910,0,0,0.03743105557678161,0.0,PAYMENT,CORRECT,LOW RISK
10212,0,1,0.5796296382956849,3042.0,CASH_OUT,WRONG,MEDIUM RISK
19974,0,0,0.0007183762933674295,46881.11,CASH_IN,CORRECT,LOW RISK
8717,0,0,0.03743105557678161,0.0,PAYMENT,CORRECT,LOW RISK
10426,0,0,0.03743105557678161,0.0,PAYMENT,CORRECT,LOW RISK
7602,0,1,0.5338949157437093,3786.0,CASH_IN,WRONG,MEDIUM RISK
14267,0,0,0.08858089062401645,122954.54,CASH_OUT,CORRECT,LOW RISK
14606,0,0,0.14275015020404344,7276.98,PAYMENT,CORRECT,LOW RISK
13326,0,0,0.3252175548598698,124953.68,CASH_IN,CORRECT,MEDIUM RISK
14897,0,0,0.018724897532071887,479.01,PAYMENT,CORRECT,LOW RISK
3404,0,0,0.49044393122876456,20418.0,CASH_IN,CORRECT,MEDIUM RISK
13114,0,0,0.13836745180564244,2408.76,PAYMENT,CORRECT,LOW RISK
14996,0,0,0.24210253865232698,33201.21,CASH_OUT,CORRECT,LOW RISK
11110,0,0,0.03743105557678161,0.0,PAYMENT,CORRECT,LOW RISK
17750,0,0,0.012792333987286162,28426.89,CASH_IN,CORRECT,LOW RISK
6679,0,1,0.7920206328264996,6729.0,TRANSFER,WRONG,HIGH RISK
5299,0,0,0.34157726655823417,47714.0,CASH_OUT,CORRECT,MEDIUM RISK
17115,0,0,0.0,330816.11,CASH_IN,CORRECT,LOW RISK
5294,0,1,0.7847707742722411,7955.0,CASH_OUT,WRONG,HIGH RISK
6362,0,1,0.7585035693575343,6486.0,CASH_OUT,WRONG,HIGH RISK
2802,1,0,0.4874556441115289,47806.0,CASH_IN,WRONG,MEDIUM RISK
5998,0,1,0.6356186277016647,21061.0,CASH_OUT,WRONG,MEDIUM RISK
19197,0,0,0.01585023982576283,108255.06,CASH_IN,CORRECT,LOW RISK
11236,0,0,0.03743105557678161,0.0,PAYMENT,CORRECT,LOW RISK
14902,0,0,0.06105255510859304,3980.43,PAYMENT,CORRECT,LOW RISK
2717,1,0,0.4100445106541341,19936.0,CASH_OUT,WRONG,MEDIUM RISK
18210,0,0,0.003002775443707598,164994.34,CASH_IN,CORRECT,LOW RISK
16275,0,0,0.004533949653734953,5285.31,PAYMENT,CORRECT,LOW RISK
8753,0,0,0.03743105557678161,0.0,PAYMENT,CORRECT,LOW RISK
5312,0,1,0.5627246120598478,1062.0,CASH_OUT,WRONG,MEDIUM RISK
9473,0,0,0.03743105557678161,0.0,PAYMENT,CORRECT,LOW RISK
11702,0,0,0.08524503035683755,1286.0,PAYMENT,CORRECT,LOW RISK
17973,0,0,0.023141364059650824,84937.58,CASH_IN,CORRECT,LOW RISK
13062,0,0,0.1455131119433603,17030.73,PAYMENT,CORRECT,LOW RISK
3674,0,1,0.593793237951692,44598.0,CASH_OUT,WRONG,MEDIUM RISK
7716,0,1,0.5516969261817336,39.0,CASH_IN,WRONG,MEDIUM RISK
19776,0,0,0.061255785506689996,3775.64,CASH_IN,CORRECT,LOW RISK
17380,0,0,0.016329782222856658,7943.39,PAYMENT,CORRECT,LOW RISK
5497,0,1,0.657720289332827,2934.0,CASH_OUT,WRONG,MEDIUM RISK
6562,0,1,0.8417863865017452,1567.0,CASH_OUT,WRONG,HIGH RISK
3338,0,0,0.3166934850812846,84725.0,CASH_OUT,CORRECT,MEDIUM RISK
19626,0,0,0.0350144790654439,379326.32,CASH_IN,CORRECT,LOW RISK
126,1,1,0.9438151294512968,145.0,TRANSFER,CORRECT,HIGH RISK
3415,0,1,0.7425199634161521,20269.0,CASH_OUT,WRONG,HIGH RISK
15625,0,0,0.4142160566039373,1818.62,DEBIT,CORRECT,MEDIUM RISK
4506,0,0,0.2285543689868126,43100.0,CASH_IN,CORRECT,LOW RISK
3091,1,0,0.031095528978121467,144538.0,CASH_OUT,WRONG,LOW RISK
12432,0,0,0.03743105557678161,0.0,PAYMENT,CORRECT,LOW RISK
12352,0,0,0.012346003633969158,0.0,CASH_OUT,CORRECT,LOW RISK
891,1,1,0.7015422067043938,21523.0,CASH_OUT,CORRECT,HIGH RISK
3284,0,1,0.6561352418265812,14034.0,CASH_OUT,WRONG,MEDIUM RISK
15044,0,0,0.17673129373332042,15427.37,PAYMENT,CORRECT,LOW RISK
5051,0,0,0.43307627781132396,3211.0,CASH_IN,CORRECT,MEDIUM RISK
6365,0,0,0.3940030969888024,1479.0,CASH_IN,CORRECT,MEDIUM RISK
4692,0,1,0.9350504870858352,17023.0,TRANSFER,WRONG,HIGH RISK
16467,0,0,0.0321385203750589,87499.98,CASH_OUT,CORRECT,LOW RISK
1411,1,1,0.8774111321816953,20710.0,TRANSFER,CORRECT,HIGH RISK
5098,0,1,0.6180899307012959,23651.0,CASH_OUT,WRONG,MEDIUM RISK
13425,0,0,0.1080308139913331,12346.49,PAYMENT,CORRECT,LOW RISK
7641,0,0,0.012346003633969158,0.0,CASH_OUT,CORRECT,LOW RISK
13629,0,0,0.15329449505515083,3814.04,PAYMENT,CORRECT,LOW RISK
12039,0,0,0.03743105557678161,0.0,PAYMENT,CORRECT,LOW RISK
14697,0,0,0.13900407782348134,998.13,PAYMENT,CORRECT,LOW RISK
20013,0,0,0.0,207534.71,CASH_IN,CORRECT,LOW RISK
17460,0,0,0.03619459371759322,41002.0,CASH_IN,CORRECT,LOW RISK
7207,0,0,0.012346003633969158,0.0,CASH_OUT,CORRECT,LOW RISK
15346,0,0,0.020637344654023764,212.09,PAYMENT,CORRECT,LOW RISK
17290,0,0,0.0016981360098730614,29710.21,PAYMENT,CORRECT,LOW RISK
4875,0,1,0.6035780626520729,18205.0,CASH_OUT,WRONG,MEDIUM RISK
1505,1,1,0.6719796440178563,19421.0,CASH_OUT,CORRECT,MEDIUM RISK
7848,0,1,0.5212978194574744,28.0,CASH_IN,WRONG,MEDIUM RISK
4420,0,1,0.550839169480328,10431.0,CASH_IN,WRONG,MEDIUM RISK
2443,1,0,0.2395854132464777,4271.0,CASH_IN,WRONG,LOW RISK
19946,0,0,0.03415029894264959,11630.58,CASH_IN,CORRECT,LOW RISK
13303,0,0,0.076954382038604,725.16,PAYMENT,CORRECT,LOW RISK
19299,0,0,0.05552479315308092,239012.13,CASH_IN,CORRECT,LOW RISK
4072,0,0,0.3904819528449119,37965.0,CASH_IN,CORRECT,MEDIUM RISK
8716,0,1,0.6546887131514407,1006.0,CASH_OUT,WRONG,MEDIUM RISK
15608,0,0,0.04743324869774029,27237.63,PAYMENT,CORRECT,LOW RISK
7685,0,1,0.6543478080993765,9868.0,CASH_OUT,WRONG,MEDIUM RISK
8193,0,0,0.012346003633969158,0.0,CASH_OUT,CORRECT,LOW RISK
10442,0,0,0.03743105557678161,0.0,PAYMENT,CORRECT,LOW RISK
370,1,1,0.7650420795514798,5309.0,CASH_OUT,CORRECT,HIGH RISK
13309,0,0,0.1500353306685714,9566.17,PAYMENT,CORRECT,LOW RISK
18749,0,0,0.016979489442966723,35067.23,CASH_IN,CORRECT,LOW RISK
16199,0,0,0.013459011510710505,15708.03,PAYMENT,CORRECT,LOW RISK
16553,0,0,0.06216581747130559,45694.46,CASH_OUT,CORRECT,LOW RISK
15511,0,0,0.030095585801075138,1334.08,PAYMENT,CORRECT,LOW RISK
15816,0,0,0.014741444496581107,164985.97,CASH_IN,CORRECT,LOW RISK
1958,1,1,0.5539340724327247,73037.0,CASH_OUT,CORRECT,MEDIUM RISK
9849,0,0,0.15312870470879722,700.0,PAYMENT,CORRECT,LOW RISK
9624,0,0,0.17180448557769087,25.0,PAYMENT,CORRECT,LOW RISK
9107,0,0,0.0,0.0,TRANSFER,CORRECT,LOW RISK
17500,0,0,0.0026070863966092704,167205.5,CASH_IN,CORRECT,LOW RISK
19910,0,0,0.016513234060542073,322634.6,CASH_IN,CORRECT,LOW RISK
14756,0,0,0.07326720304526589,8988.2,PAYMENT,CORRECT,LOW RISK
19918,0,0,0.0013056681150222143,145607.11,CASH_IN,CORRECT,LOW RISK
725,1,1,0.5360073981182749,25289.0,CASH_OUT,CORRECT,MEDIUM RISK
15820,0,0,0.012622867083104226,996.49,PAYMENT,CORRECT,LOW RISK
13404,0,0,0.13555642172463908,1918.3,PAYMENT,CORRECT,LOW RISK
13751,0,0,0.2805606534475661,31234.03,PAYMENT,CORRECT,LOW RISK
15381,0,0,0.02315995418896027,234319.46,CASH_IN,CORRECT,LOW RISK
19848,0,0,0.00018425940726124248,120926.64,CASH_IN,CORRECT,LOW RISK
18261,0,0,0.056237346876269204,479182.17,CASH_IN,CORRECT,LOW RISK
613,1,1,0.9493610483004374,12011.0,TRANSFER,CORRECT,HIGH RISK
16108,0,0,0.1612854719802381,14267.15,CASH_OUT,CORRECT,LOW RISK
2531,1,1,0.9442974947235946,24646.0,TRANSFER,CORRECT,HIGH RISK
14898,0,0,0.17509637980594242,13627.77,PAYMENT,CORRECT,LOW RISK
374,1,1,0.9107772345660243,37639.0,TRANSFER,CORRECT,HIGH RISK
171,1,1,0.9149756250334682,6752.0,TRANSFER,CORRECT,HIGH RISK
16338,0,0,0.01746629572744168,8915.61,PAYMENT,CORRECT,LOW RISK
5825,0,1,0.7518333020108117,9193.0,CASH_OUT,WRONG,HIGH RISK
2043,1,1,0.6422371369457798,21222.0,CASH_OUT,CORRECT,MEDIUM RISK
9162,0,0,0.03743105557678161,0.0,PAYMENT,CORRECT,LOW RISK
2486,1,1,0.7438741011332815,9254.0,CASH_OUT,CORRECT,HIGH RISK
108,1,1,0.929604270716949,18707.0,TRANSFER,CORRECT,HIGH RISK
272,1,1,0.8392142181375851,36901.0,TRANSFER,CORRECT,HIGH RISK
10687,0,0,0.03743105557678161,0.0,PAYMENT,CORRECT,LOW RISK
6210,0,1,0.7163165710514434,9520.0,CASH_OUT,WRONG,HIGH RISK
7855,0,0,0.012346003633969158,0.0,CASH_OUT,CORRECT,LOW RISK
13642,0,0,0.10233352574605689,14705.48,PAYMENT,CORRECT,LOW RISK
96,1,1,0.9321569447653907,14893.0,TRANSFER,CORRECT,HIGH RISK
19539,0,0,0.023759595449645596,292699.97,CASH_IN,CORRECT,LOW RISK
9755,0,0,0.03743105557678161,0.0,PAYMENT,CORRECT,LOW RISK
5280,0,0,0.47183105655937374,37183.0,CASH_OUT,CORRECT,MEDIUM RISK
18867,1,0,0.0412996156414865,106727.81,CASH_IN,WRONG,LOW RISK
6699,0,0,0.33941885353741846,8026.0,TRANSFER,CORRECT,MEDIUM RISK
13598,0,0,0.16612818089854176,5121.88,PAYMENT,CORRECT,LOW RISK
4907,0,0,0.4494853915414561,16827.0,CASH_OUT,CORRECT,MEDIUM RISK
557,1,1,0.8053907214476778,4012.0,TRANSFER,CORRECT,HIGH RISK
485,1,1,0.9261600013355178,2216.0,TRANSFER,CORRECT,HIGH RISK
14998,0,0,0.02149619481666588,5713.42,PAYMENT,CORRECT,LOW RISK
1613,1,1,0.535462024239943,20005.0,CASH_OUT,CORRECT,MEDIUM RISK
17082,0,0,0.000948664831578649,119208.01,CASH_OUT,CORRECT,LOW RISK
13770,0,0,0.0653598224918286,1240.89,PAYMENT,CORRECT,LOW RISK
4351,0,1,0.5385854872307295,5960.0,CASH_IN,WRONG,MEDIUM RISK
86,1,1,0.9102104853487403,124.0,TRANSFER,CORRECT,HIGH RISK
17321,0,0,0.0006888664509880693,260660.97,CASH_OUT,CORRECT,LOW RISK
7727,0,0,0.012346003633969158,0.0,CASH_OUT,CORRECT,LOW RISK
7548,0,0,0.4883358902628161,14216.0,CASH_IN,CORRECT,MEDIUM RISK
4323,0,1,0.6596689230174667,302469.0,TRANSFER,WRONG,MEDIUM RISK
17129,0,0,0.0012111925830102543,156893.54,CASH_IN,CORRECT,LOW RISK
11994,0,0,0.03743105557678161,0.0,PAYMENT,CORRECT,LOW RISK
2102,1,0,0.4098223589858101,51838.0,CASH_OUT,WRONG,MEDIUM RISK
8372,0,0,0.03743105557678161,0.0,PAYMENT,CORRECT,LOW RISK
1795,1,1,0.7127991618987022,221.0,CASH_OUT,CORRECT,HIGH RISK
17254,0,0,0.017054323625840466,7119.52,PAYMENT,CORRECT,LOW RISK
4894,0,0,0.17577219337959138,21163.0,CASH_IN,CORRECT,LOW RISK
3568,0,1,0.6933287471505661,722.0,CASH_OUT,WRONG,MEDIUM RISK
10167,0,0,0.03743105557678161,0.0,PAYMENT,CORRECT,LOW RISK
17742,0,0,0.042963239803920875,3424.18,PAYMENT,CORRECT,LOW RISK
7322,0,0,0.012346003633969158,0.0,CASH_OUT,CORRECT,LOW RISK
7702,0,0,0.012346003633969158,0.0,CASH_OUT,CORRECT,LOW RISK
11963,0,0,0.09993368676182499,1385.0,PAYMENT,CORRECT,LOW RISK
3953,0,1,0.6061131701553716,20735.0,CASH_OUT,WRONG,MEDIUM RISK
655,1,0,0.4959892364769993,57.0,CASH_OUT,WRONG,MEDIUM RISK
17263,0,0,0.05368705196540235,87975.84,CASH_IN,CORRECT,LOW RISK
3793,0,1,0.7362513328461184,18256.0,CASH_OUT,WRONG,HIGH RISK
1802,1,1,0.6768679590401674,9912.0,CASH_OUT,CORRECT,MEDIUM RISK
6064,0,1,0.6852945045302822,12444.0,CASH_OUT,WRONG,MEDIUM RISK
16160,0,0,0.018028997859591323,170721.98,CASH_IN,CORRECT,LOW RISK
4901,0,1,0.7059535495304443,19446.0,CASH_OUT,WRONG,HIGH RISK
2797,1,1,0.9352901974092827,17910.0,TRANSFER,CORRECT,HIGH RISK
10738,0,0,0.03743105557678161,0.0,PAYMENT,CORRECT,LOW RISK
11414,0,0,0.03743105557678161,0.0,PAYMENT,CORRECT,LOW RISK
8360,0,0,0.012346003633969158,0.0,CASH_OUT,CORRECT,LOW RISK
1628,1,1,0.5263036996363799,34.0,CASH_OUT,CORRECT,MEDIUM RISK
1612,1,1,0.7230099887719503,2089.0,CASH_OUT,CORRECT,HIGH RISK
4882,0,0,0.4742744963279215,33260.0,CASH_OUT,CORRECT,MEDIUM RISK
1268,1,1,0.663475679664997,21660.0,CASH_OUT,CORRECT,MEDIUM RISK
15946,0,0,0.03850646748927803,3310.96,PAYMENT,CORRECT,LOW RISK
8673,0,0,0.012346003633969158,0.0,CASH_OUT,CORRECT,LOW RISK
15718,0,0,0.06419269951801052,13550.25,PAYMENT,CORRECT,LOW RISK
10564,0,0,0.03743105557678161,0.0,PAYMENT,CORRECT,LOW RISK
13074,0,0,0.20956499946471252,23990.32,PAYMENT,CORRECT,LOW RISK
17472,0,0,0.0006888664509880693,300177.81,CASH_OUT,CORRECT,LOW RISK
10890,0,0,0.03743105557678161,0.0,PAYMENT,CORRECT,LOW RISK
2585,1,1,0.6854500686422001,7254.0,CASH_OUT,CORRECT,MEDIUM RISK
11158,0,0,0.03743105557678161,0.0,PAYMENT,CORRECT,LOW RISK
19334,0,0,0.020569401550848413,54793.94,CASH_IN,CORRECT,LOW RISK
17569,0,0,0.024677928788797144,66808.99,CASH_IN,CORRECT,LOW RISK
10764,0,0,0.03743105557678161,0.0,PAYMENT,CORRECT,LOW RISK
15866,0,0,0.04233758720090524,7309.26,PAYMENT,CORRECT,LOW RISK
6325,0,1,0.6353069461204877,21917.0,CASH_OUT,WRONG,MEDIUM RISK
15212,0,0,0.1039168479944774,19303.26,PAYMENT,CORRECT,LOW RISK
1101,1,1,0.6996441163259491,6652.0,CASH_OUT,CORRECT,MEDIUM RISK
4589,0,1,0.7311727784687514,9161.0,CASH_OUT,WRONG,HIGH RISK
6081,0,1,0.7078037058434862,11631.0,CASH_OUT,WRONG,HIGH RISK
3797,0,1,0.7561691462727744,8368.0,CASH_OUT,WRONG,HIGH RISK
19533,0,0,0.024855426512796385,132246.18,CASH_IN,CORRECT,LOW RISK
13199,0,0,0.12387444390862366,10377.37,PAYMENT,CORRECT,LOW RISK
15675,0,0,0.01704296377905925,894.56,PAYMENT,CORRECT,LOW RISK
12029,0,0,0.03743105557678161,0.0,PAYMENT,CORRECT,LOW RISK
2970,1,0,0.038048197471847955,218521.0,CASH_OUT,WRONG,LOW RISK
747,1,1,0.9269731292492982,13218.0,TRANSFER,CORRECT,HIGH RISK
17687,0,0,0.0006132875920711073,188234.81,CASH_IN,CORRECT,LOW RISK
17888,0,0,0.17238207792002044,6236.25,CASH_IN,CORRECT,LOW RISK
2722,1,0,0.4331555987300497,55959.0,CASH_OUT,WRONG,MEDIUM RISK
13240,0,0,0.08784187912334357,1027.82,PAYMENT,CORRECT,LOW RISK
18984,0,0,0.06907740921349782,244821.55,CASH_IN,CORRECT,LOW RISK
2365,1,0,0.26947672159309755,29041.0,CASH_OUT,WRONG,LOW RISK
17195,0,0,0.062370446264839965,55606.73,CASH_OUT,CORRECT,LOW RISK
1959,1,1,0.6245119605377437,6385.0,CASH_OUT,CORRECT,MEDIUM RISK
19030,0,0,0.015580533656270735,132727.49,CASH_IN,CORRECT,LOW RISK
1673,1,1,0.7195957381397317,23118.0,CASH_OUT,CORRECT,HIGH RISK
15628,0,0,0.23559087344730945,16229.97,CASH_IN,CORRECT,LOW RISK
8761,0,0,0.012346003633969158,0.0,CASH_OUT,CORRECT,LOW RISK
5319,0,1,0.5415904422173056,3572.0,CASH_OUT,WRONG,MEDIUM RISK
19088,0,0,0.029180789219771342,89751.57,CASH_IN,CORRECT,LOW RISK
8946,0,0,0.03743105557678161,0.0,PAYMENT,CORRECT,LOW RISK
5669,0,1,0.9157709402291306,8205.0,TRANSFER,WRONG,HIGH RISK
10417,0,0,0.03743105557678161,0.0,PAYMENT,CORRECT,LOW RISK
11584,0,0,0.13364471792604943,196.0,PAYMENT,CORRECT,LOW RISK
12197,0,0,0.03743105557678161,0.0,PAYMENT,CORRECT,LOW RISK
13131,0,0,0.13816819110704615,242594.18,CASH_IN,CORRECT,LOW RISK
5360,0,1,0.786325825949436,4639.0,CASH_OUT,WRONG,HIGH RISK
14622,0,0,0.23390214098306722,604.86,PAYMENT,CORRECT,LOW RISK
4157,0,1,0.7494035945976119,16242.0,CASH_OUT,WRONG,HIGH RISK
12599,0,0,0.25294800058933453,9829.95,PAYMENT,CORRECT,LOW RISK
8114,0,0,0.10093768087359647,99277.0,CASH_IN,CORRECT,LOW RISK
15455,0,0,0.0752766928167275,2830.43,PAYMENT,CORRECT,LOW RISK
13616,0,0,0.10818771690505471,6996.02,PAYMENT,CORRECT,LOW RISK
12124,0,0,0.03743105557678161,0.0,PAYMENT,CORRECT,LOW RISK
12912,0,0,0.16347096778605297,4070.99,PAYMENT,CORRECT,LOW RISK
14432,0,0,0.3853476236833023,21263.64,DEBIT,CORRECT,MEDIUM RISK
10882,0,0,0.03743105557678161,0.0,PAYMENT,CORRECT,LOW RISK
15158,0,0,0.22892327343755997,38131.82,CASH_OUT,CORRECT,LOW RISK
13724,0,0,0.08690153952333973,2844.64,PAYMENT,CORRECT,LOW RISK
14257,0,0,0.06858383186472547,17860.82,PAYMENT,CORRECT,LOW RISK
4533,0,0,0.12265163346114047,106198.0,CASH_OUT,CORRECT,LOW RISK
9148,0,0,0.16603553436746132,867.0,PAYMENT,CORRECT,LOW RISK
5637,0,1,0.6639281618490187,21839.0,CASH_OUT,WRONG,MEDIUM RISK
3681,0,0,0.422370560237613,28583.0,CASH_IN,CORRECT,MEDIUM RISK
118,1,1,0.9123876542536324,26197.0,TRANSFER,CORRECT,HIGH RISK
10079,0,0,0.03743105557678161,0.0,PAYMENT,CORRECT,LOW RISK
14804,0,0,0.19294830859567033,25554.28,PAYMENT,CORRECT,LOW RISK
10253,0,0,0.03743105557678161,0.0,PAYMENT,CORRECT,LOW RISK
16844,1,0,0.008136579286042542,1255.74,PAYMENT,WRONG,LOW RISK
737,1,1,0.7365359718354282,8546.0,CASH_OUT,CORRECT,HIGH RISK
14166,0,0,0.17774027773984177,4617.93,PAYMENT,CORRECT,LOW RISK
12361,0,0,0.03743105557678161,0.0,PAYMENT,CORRECT,LOW RISK
10183,0,0,0.03743105557678161,0.0,PAYMENT,CORRECT,LOW RISK
16762,0,0,0.016391080838237846,9093.11,PAYMENT,CORRECT,LOW RISK
18767,0,0,0.05976625252956607,98394.6,CASH_IN,CORRECT,LOW RISK
19790,0,0,0.017890721114806676,369319.71,CASH_IN,CORRECT,LOW RISK
9106,0,1,0.8259691968572271,59583.0,TRANSFER,WRONG,HIGH RISK
10958,0,0,0.012346003633969158,0.0,CASH_OUT,CORRECT,LOW RISK
5121,0,1,0.6182107528309821,1311.0,CASH_OUT,WRONG,MEDIUM RISK
15321,0,0,0.367200981066095,393.49,DEBIT,CORRECT,MEDIUM RISK
10709,0,0,0.03743105557678161,0.0,PAYMENT,CORRECT,LOW RISK
14378,0,0,0.01595430531428328,313285.07,CASH_OUT,CORRECT,LOW RISK
930,1,1,0.9207554258656162,90.0,TRANSFER,CORRECT,HIGH RISK
11476,0,0,0.03743105557678161,0.0,PAYMENT,CORRECT,LOW RISK
6317,0,1,0.5234053266934802,9040.0,CASH_IN,WRONG,MEDIUM RISK
11681,0,0,0.03743105557678161,0.0,PAYMENT,CORRECT,LOW RISK
2228,1,1,0.5646288685672705,8338.0,CASH_OUT,CORRECT,MEDIUM RISK
1905,1,0,0.014804013870107402,118671.0,CASH_OUT,WRONG,LOW RISK
18150,0,0,0.0,217882.77,CASH_IN,CORRECT,LOW RISK
13877,0,0,0.049427794574772047,239737.96,CASH_OUT,CORRECT,LOW RISK
1019,1,1,0.7165605259980958,4412.0,CASH_OUT,CORRECT,HIGH RISK
13116,0,0,0.2800118166465912,24658.06,PAYMENT,CORRECT,LOW RISK
16690,0,0,0.03131145862871234,56979.53,PAYMENT,CORRECT,LOW RISK
12730,0,0,0.27830689870105735,29223.9,PAYMENT,CORRECT,LOW RISK
10256,0,0,0.03743105557678161,0.0,PAYMENT,CORRECT,LOW RISK
17577,0,0,0.04059408426865954,67776.28,CASH_IN,CORRECT,LOW RISK
8033,0,0,0.03743105557678161,0.0,PAYMENT,CORRECT,LOW RISK
1516,1,1,0.7178117632756953,23025.0,CASH_OUT,CORRECT,HIGH RISK
19635,0,0,0.018916736307609393,53576.59,CASH_IN,CORRECT,LOW RISK
17302,0,0,0.0018060672664143302,1664.51,PAYMENT,CORRECT,LOW RISK
11165,0,0,0.03743105557678161,0.0,PAYMENT,CORRECT,LOW RISK
14105,0,0,0.12776716381406994,21974.37,PAYMENT,CORRECT,LOW RISK
1738,1,0,0.47145270456002153,4673.0,CASH_IN,WRONG,MEDIUM RISK
9507,0,0,0.12455261944573377,77.0,PAYMENT,CORRECT,LOW RISK
18677,0,0,0.011015155848803491,493957.25,CASH_IN,CORRECT,LOW RISK
18450,0,0,0.02340888197207613,98080.96,CASH_IN,CORRECT,LOW RISK
10367,0,0,0.17303717354784515,4796.0,PAYMENT,CORRECT,LOW RISK
12408,0,0,0.1557383392767324,3186.0,PAYMENT,CORRECT,LOW RISK
11035,0,0,0.03743105557678161,0.0,PAYMENT,CORRECT,LOW RISK
715,1,1,0.8961577806494803,2337.0,TRANSFER,CORRECT,HIGH RISK
10614,0,0,0.14264223990757408,400.0,PAYMENT,CORRECT,LOW RISK
18656,0,0,0.009422703463600144,430472.62,CASH_IN,CORRECT,LOW RISK
16796,0,0,0.020201502378310796,14453.06,PAYMENT,CORRECT,LOW RISK
17436,0,0,0.01156097548933024,4635.26,PAYMENT,CORRECT,LOW RISK
550,1,1,0.7213664445253994,19032.0,CASH_OUT,CORRECT,HIGH RISK
5166,0,1,0.7560991062124884,10782.0,CASH_OUT,WRONG,HIGH RISK
18975,0,0,0.09391182833833005,92135.52,CASH_IN,CORRECT,LOW RISK
4393,0,1,0.5565244553888872,8163.0,CASH_IN,WRONG,MEDIUM RISK
12638,0,0,0.14730418775447535,2867.74,PAYMENT,CORRECT,LOW RISK
11244,0,0,0.03743105557678161,0.0,PAYMENT,CORRECT,LOW RISK
4767,0,1,0.6226307822398948,2544.0,CASH_OUT,WRONG,MEDIUM RISK
18728,0,0,0.09628697665596966,187498.41,CASH_IN,CORRECT,LOW RISK
6212,0,1,0.6478419466130901,6415.0,CASH_IN,WRONG,MEDIUM RISK
3483,0,1,0.7865438404000308,11293.0,CASH_OUT,WRONG,HIGH RISK
19000,0,0,0.06867202734535144,265146.14,CASH_IN,CORRECT,LOW RISK
16985,0,0,0.02308284164207356,8337.15,PAYMENT,CORRECT,LOW RISK
4859,0,0,0.47370183945508976,27167.0,CASH_IN,CORRECT,MEDIUM RISK
3388,0,1,0.5769651298548625,14669.0,CASH_IN,WRONG,MEDIUM RISK
11509,0,0,0.03743105557678161,0.0,PAYMENT,CORRECT,LOW RISK
6206,0,1,0.5181644174032167,49.0,CASH_OUT,WRONG,MEDIUM RISK
19575,0,0,0.001814645333901508,186581.13,CASH_IN,CORRECT,LOW RISK
8497,0,0,0.012346003633969158,0.0,CASH_OUT,CORRECT,LOW RISK
15042,0,0,0.03521638207235894,272373.64,CASH_OUT,CORRECT,LOW RISK
14223,0,0,0.09962539026272726,3441.84,PAYMENT,CORRECT,LOW RISK
17886,0,0,0.0041778761983814975,104256.47,CASH_IN,CORRECT,LOW RISK
17506,0,0,0.004778137513865871,2721.12,PAYMENT,CORRECT,LOW RISK
6626,0,1,0.7236195414606331,20754.0,CASH_OUT,WRONG,HIGH RISK
8219,0,0,0.012346003633969158,0.0,CASH_OUT,CORRECT,LOW RISK
17520,0,0,0.0017329324555492192,245682.45,CASH_OUT,CORRECT,LOW RISK
11823,0,0,0.03743105557678161,0.0,PAYMENT,CORRECT,LOW RISK
13946,1,0,0.067909452612596,1826.81,PAYMENT,WRONG,LOW RISK
4867,0,0,0.3571758284719461,79802.0,CASH_OUT,CORRECT,MEDIUM RISK
3271,0,1,0.7565050033207431,20999.0,CASH_OUT,WRONG,HIGH RISK
11812,0,0,0.03743105557678161,0.0,PAYMENT,CORRECT,LOW RISK
3691,0,0,0.34439248040543646,52530.0,CASH_OUT,CORRECT,MEDIUM RISK
11676,0,0,0.1407691762217084,105.0,PAYMENT,CORRECT,LOW RISK
18713,0,0,0.0019239296152873094,372295.67,CASH_IN,CORRECT,LOW RISK
9578,0,0,0.03743105557678161,0.0,PAYMENT,CORRECT,LOW RISK
15753,0,0,0.026508898082527273,3402.13,PAYMENT,CORRECT,LOW RISK
11652,0,0,0.3161461193269629,565.0,PAYMENT,CORRECT,MEDIUM RISK
1706,1,1,0.7429863961811394,7431.0,CASH_OUT,CORRECT,HIGH RISK
39,1,1,0.9106467258167121,23780.0,TRANSFER,CORRECT,HIGH RISK
13964,0,1,0.8069138429255269,4370.33,TRANSFER,WRONG,HIGH RISK
17851,0,0,0.0017329324555492198,173123.39,CASH_IN,CORRECT,LOW RISK
12062,0,0,0.03743105557678161,0.0,PAYMENT,CORRECT,LOW RISK
11079,0,1,0.5857951100567238,5166.0,CASH_IN,WRONG,MEDIUM RISK
2876,1,1,0.5209720961459984,11927.0,CASH_OUT,CORRECT,MEDIUM RISK
19978,0,0,0.004249649103424598,94526.6,CASH_IN,CORRECT,LOW RISK
18667,0,0,0.012152027940714618,131358.37,CASH_IN,CORRECT,LOW RISK
9527,0,0,0.012346003633969158,0.0,CASH_OUT,CORRECT,LOW RISK
9928,0,0,0.13931016879623562,1143.0,PAYMENT,CORRECT,LOW RISK
18074,0,0,0.018256178918611345,104682.2,CASH_IN,CORRECT,LOW RISK
546,1,1,0.9471863715980807,395.0,TRANSFER,CORRECT,HIGH RISK
15364,0,0,0.018063782888227683,8476.5,PAYMENT,CORRECT,LOW RISK
2132,1,1,0.6439913661508814,20867.0,CASH_IN,CORRECT,MEDIUM RISK
15135,0,0,0.05046879103470459,2584.0,PAYMENT,CORRECT,LOW RISK
828,1,1,0.7178104455004147,11274.0,CASH_OUT,CORRECT,HIGH RISK
15500,0,0,0.05417779323234855,3327.88,PAYMENT,CORRECT,LOW RISK
17549,0,0,0.0,278599.73,CASH_IN,CORRECT,LOW RISK
220,1,1,0.9170470366652738,2709.0,TRANSFER,CORRECT,HIGH RISK
5249,0,1,0.7251981893247943,15633.0,CASH_OUT,WRONG,HIGH RISK
13408,0,0,0.140271848962533,9484.04,PAYMENT,CORRECT,LOW RISK
15458,0,0,0.023066817856032405,9006.53,PAYMENT,CORRECT,LOW RISK
14846,0,0,0.0876734010790678,6065.76,PAYMENT,CORRECT,LOW RISK
2338,1,1,0.606256446995641,23650.0,CASH_OUT,CORRECT,MEDIUM RISK
4301,0,1,0.7225931979446564,17473.0,CASH_OUT,WRONG,HIGH RISK
7022,0,1,0.614699851993483,595.0,CASH_IN,WRONG,MEDIUM RISK
13435,0,0,0.10111193105393042,4413.23,PAYMENT,CORRECT,LOW RISK
16274,0,0,0.007508324431367845,1864.41,PAYMENT,CORRECT,LOW RISK
1883,1,1,0.7306241271404632,5147.0,CASH_OUT,CORRECT,HIGH RISK
19071,0,0,0.024676285678357095,229380.96,CASH_IN,CORRECT,LOW RISK
3825,0,0,0.4853303292685609,6398.0,CASH_IN,CORRECT,MEDIUM RISK
4541,0,0,0.13243615477867418,107903.0,CASH_OUT,CORRECT,LOW RISK
4176,0,0,0.4665248375043337,461.0,CASH_IN,CORRECT,MEDIUM RISK
918,1,1,0.721204007350514,13220.0,CASH_OUT,CORRECT,HIGH RISK
18905,0,0,0.02263144497940691,713210.38,CASH_IN,CORRECT,LOW RISK
3199,0,1,0.6625746761402067,1777.0,CASH_OUT,WRONG,MEDIUM RISK
14457,0,0,0.1263440795965493,2699.81,PAYMENT,CORRECT,LOW RISK
16701,0,0,0.0009311069951397495,341123.53,CASH_IN,CORRECT,LOW RISK
8635,0,0,0.03743105557678161,0.0,PAYMENT,CORRECT,LOW RISK
4674,0,1,0.7131362139378544,23551.0,CASH_OUT,WRONG,HIGH RISK
6680,0,1,0.9711210633894674,22232.0,TRANSFER,WRONG,HIGH RISK
926,1,1,0.7111019152528105,15506.0,CASH_OUT,CORRECT,HIGH RISK
17590,0,0,0.12978241780745287,4811.56,PAYMENT,CORRECT,LOW RISK
5084,0,1,0.7059189898941264,20540.0,CASH_OUT,WRONG,HIGH RISK
11227,0,1,0.8274130352630436,3647.0,TRANSFER,WRONG,HIGH RISK
16900,0,0,0.09352130282722604,6214.18,PAYMENT,CORRECT,LOW RISK
4753,0,1,0.781300534062964,18381.0,CASH_OUT,WRONG,HIGH RISK
18871,0,0,0.10229649894378288,187629.25,CASH_IN,CORRECT,LOW RISK
4768,0,1,0.5063563605473269,10606.0,CASH_IN,WRONG,MEDIUM RISK
7125,0,0,0.0,0.0,TRANSFER,CORRECT,LOW RISK
1487,1,0,0.48933119814670617,12933.0,CASH_IN,WRONG,MEDIUM RISK
2815,1,1,0.7175845620138961,4393.0,CASH_OUT,CORRECT,HIGH RISK
12546,0,0,0.03743105557678161,0.0,PAYMENT,CORRECT,LOW RISK
9281,0,0,0.012346003633969158,0.0,CASH_OUT,CORRECT,LOW RISK
16769,0,0,0.022972180502150927,1403.51,PAYMENT,CORRECT,LOW RISK
10302,0,0,0.03743105557678161,0.0,PAYMENT,CORRECT,LOW RISK
5763,0,1,0.5614646935216583,145.0,CASH_OUT,WRONG,MEDIUM RISK
13663,0,0,0.14579199531847015,4587.83,PAYMENT,CORRECT,LOW RISK
8136,0,1,0.656148488331735,12363.0,CASH_OUT,WRONG,MEDIUM RISK
15606,0,0,0.038890812959495584,465179.81,CASH_IN,CORRECT,LOW RISK
3594,0,1,0.666722057206522,14308.0,CASH_OUT,WRONG,MEDIUM RISK
17131,0,0,0.09863833236417408,20115.34,CASH_IN,CORRECT,LOW RISK
13405,0,0,0.21343431986327968,19369.05,PAYMENT,CORRECT,LOW RISK
19537,0,0,0.0023503072091320713,268785.62,CASH_IN,CORRECT,LOW RISK
7781,0,0,0.012346003633969158,0.0,CASH_OUT,CORRECT,LOW RISK
12490,0,0,0.03743105557678161,0.0,PAYMENT,CORRECT,LOW RISK
8880,0,0,0.03743105557678161,0.0,PAYMENT,CORRECT,LOW RISK
7794,0,1,0.5459680397908744,34092.0,CASH_OUT,WRONG,MEDIUM RISK
15407,0,0,0.39701726467145215,45722.27,CASH_OUT,CORRECT,MEDIUM RISK
5633,0,1,0.710919113577804,20464.0,CASH_OUT,WRONG,HIGH RISK
6240,0,1,0.5328416976291036,43938.0,CASH_OUT,WRONG,MEDIUM RISK
13410,0,0,0.12830385720223778,1727.32,PAYMENT,CORRECT,LOW RISK
18472,0,0,0.005162783355839571,191936.88,CASH_IN,CORRECT,LOW RISK
5265,0,1,0.9121838776679203,24330.0,TRANSFER,WRONG,HIGH RISK
17455,0,0,0.010985844883515188,226241.06,CASH_IN,CORRECT,LOW RISK
8208,0,0,0.12686509771420554,1467.0,PAYMENT,CORRECT,LOW RISK
11264,0,0,0.03743105557678161,0.0,PAYMENT,CORRECT,LOW RISK
8671,0,0,0.012346003633969158,0.0,CASH_OUT,CORRECT,LOW RISK
3766,0,0,0.4422530870439531,46669.0,CASH_OUT,CORRECT,MEDIUM RISK
16550,0,0,0.010795646449396757,7337.84,PAYMENT,CORRECT,LOW RISK
16047,0,1,0.7019483121946466,24608.99,TRANSFER,WRONG,HIGH RISK
6114,0,1,0.7063460245380158,11671.0,CASH_OUT,WRONG,HIGH RISK
10640,0,0,0.03743105557678161,0.0,PAYMENT,CORRECT,LOW RISK
7226,0,0,0.012346003633969158,0.0,CASH_OUT,CORRECT,LOW RISK
5089,0,1,0.728349821827207,9590.0,CASH_OUT,WRONG,HIGH RISK
6588,0,1,0.596591536238546,1500.0,CASH_OUT,WRONG,MEDIUM RISK
8499,0,1,0.8285427443525896,222.0,CASH_OUT,WRONG,HIGH RISK
2830,1,1,0.7602749986339308,21291.0,CASH_OUT,CORRECT,HIGH RISK
3136,1,1,0.6587527058609451,19867.0,CASH_OUT,CORRECT,MEDIUM RISK
12921,0,0,0.24655562769515138,8973.09,DEBIT,CORRECT,LOW RISK
3758,0,1,0.7113775363830556,853.0,CASH_OUT,WRONG,HIGH RISK
13691,0,0,0.385643518934353,91526.3,CASH_OUT,CORRECT,MEDIUM RISK
8264,0,0,0.14863010589929407,569.0,PAYMENT,CORRECT,LOW RISK
3139,1,1,0.7142311107453462,879.0,CASH_OUT,CORRECT,HIGH RISK
18071,0,0,0.024772624459610385,17060.29,CASH_IN,CORRECT,LOW RISK
10523,0,0,0.03743105557678161,0.0,PAYMENT,CORRECT,LOW RISK
1709,1,1,0.7641898111773265,7998.0,CASH_OUT,CORRECT,HIGH RISK
4530,0,1,0.7338125471693797,10290.0,CASH_OUT,WRONG,HIGH RISK
3381,0,1,0.583366428238326,1952.0,CASH_OUT,WRONG,MEDIUM RISK
19117,0,0,0.040630678584846765,82039.12,CASH_IN,CORRECT,LOW RISK
11501,0,0,0.03743105557678161,0.0,PAYMENT,CORRECT,LOW RISK
310,1,1,0.9070355927584405,6784.0,TRANSFER,CORRECT,HIGH RISK
10937,0,0,0.03743105557678161,0.0,PAYMENT,CORRECT,LOW RISK
17619,0,0,0.08942951883019709,9187.95,CASH_IN,CORRECT,LOW RISK
17344,0,0,0.00793900295897493,365007.1,CASH_IN,CORRECT,LOW RISK
13431,0,0,0.2974275648482504,110520.56,CASH_OUT,CORRECT,LOW RISK
319,1,1,0.893052410207911,10997.0,TRANSFER,CORRECT,HIGH RISK
17714,0,0,0.008627869409962997,481261.06,CASH_IN,CORRECT,LOW RISK
13010,0,0,0.08685696472611969,5674.06,PAYMENT,CORRECT,LOW RISK
18750,0,0,0.017903843613394383,112138.32,CASH_IN,CORRECT,LOW RISK
6313,0,1,0.7398921281095947,9238.0,CASH_OUT,WRONG,HIGH RISK
17229,0,0,0.014656502210369064,155380.0,CASH_IN,CORRECT,LOW RISK
18329,0,0,0.03196264781780451,39270.08,CASH_IN,CORRECT,LOW RISK
9700,0,0,0.03743105557678161,0.0,PAYMENT,CORRECT,LOW RISK
19914,0,0,0.0007183762933674295,41327.91,CASH_IN,CORRECT,LOW RISK
5384,0,1,0.7013700014475285,23833.0,CASH_OUT,WRONG,HIGH RISK
13673,0,0,0.12459899288798541,9080.5,PAYMENT,CORRECT,LOW RISK
2634,1,1,0.6357480909189713,3564.0,CASH_OUT,CORRECT,MEDIUM RISK
12789,0,0,0.3932568907590353,83166.4,CASH_OUT,CORRECT,MEDIUM RISK
12876,0,0,0.44086913692311364,88790.5,CASH_OUT,CORRECT,MEDIUM RISK
19749,0,0,0.01951196262790076,296824.18,CASH_IN,CORRECT,LOW RISK
10419,0,0,0.03743105557678161,0.0,PAYMENT,CORRECT,LOW RISK
14612,0,0,0.1423421647901557,1627.37,PAYMENT,CORRECT,LOW RISK
11359,0,0,0.03743105557678161,0.0,PAYMENT,CORRECT,LOW RISK
15502,0,0,0.10032973811495668,4485.31,PAYMENT,CORRECT,LOW RISK
11779,0,0,0.03743105557678161,0.0,PAYMENT,CORRECT,LOW RISK
13209,0,0,0.08694905559625997,1458.51,PAYMENT,CORRECT,LOW RISK
13008,0,0,0.09487296703455522,15218.7,PAYMENT,CORRECT,LOW RISK
4032,0,1,0.6920027218831685,12197.0,CASH_OUT,WRONG,MEDIUM RISK
18202,0,0,0.023903361351544125,74811.37,CASH_IN,CORRECT,LOW RISK
3590,0,1,0.7456382048515475,413.0,CASH_OUT,WRONG,HIGH RISK
8659,0,0,0.012346003633969158,0.0,CASH_OUT,CORRECT,LOW RISK
14436,0,0,0.10389104785846963,10869.38,PAYMENT,CORRECT,LOW RISK
923,1,0,0.4950682540361836,64.0,CASH_OUT,WRONG,MEDIUM RISK
18727,0,0,0.002953963064416365,277134.82,CASH_IN,CORRECT,LOW RISK
14979,0,0,0.15903624746360057,15692.42,PAYMENT,CORRECT,LOW RISK
3403,0,0,0.09707337304811635,132129.0,CASH_IN,CORRECT,LOW RISK
17615,0,0,0.03873367266611458,595.83,PAYMENT,CORRECT,LOW RISK
4417,0,0,0.4881762839291997,549.0,CASH_IN,CORRECT,MEDIUM RISK
17744,0,0,0.09361569855430096,8598.06,PAYMENT,CORRECT,LOW RISK
3516,0,1,0.8240580430830663,1207.0,CASH_OUT,WRONG,HIGH RISK
18471,0,0,0.024084675849563145,478817.25,CASH_IN,CORRECT,LOW RISK
8852,0,0,0.03743105557678161,0.0,PAYMENT,CORRECT,LOW RISK
1816,1,0,0.45308784404366953,4791.0,CASH_IN,WRONG,MEDIUM RISK
15259,0,0,0.07164398310645584,303977.56,CASH_OUT,CORRECT,LOW RISK
11042,0,0,0.03743105557678161,0.0,PAYMENT,CORRECT,LOW RISK
18179,0,0,0.040370900305786855,86406.88,CASH_IN,CORRECT,LOW RISK
1942,1,1,0.7294971776893022,7540.0,CASH_OUT,CORRECT,HIGH RISK
11464,0,0,0.03743105557678161,0.0,PAYMENT,CORRECT,LOW RISK
10272,0,0,0.012346003633969158,0.0,CASH_OUT,CORRECT,LOW RISK
19161,0,0,0.02295235976173238,240077.44,CASH_IN,CORRECT,LOW RISK
17251,0,0,0.017054323625840466,7352.73,PAYMENT,CORRECT,LOW RISK
9704,0,1,0.673650039097298,13059.0,CASH_OUT,WRONG,MEDIUM RISK
8014,0,0,0.012346003633969158,0.0,CASH_OUT,CORRECT,LOW RISK
901,1,1,0.9486585778426442,9382.0,TRANSFER,CORRECT,HIGH RISK
5088,0,1,0.774361548328224,96.0,CASH_OUT,WRONG,HIGH RISK
18664,0,0,0.01338438660448299,141638.96,CASH_IN,CORRECT,LOW RISK
2462,1,1,0.6199066780583229,602.0,CASH_OUT,CORRECT,MEDIUM RISK
16702,0,0,0.01414674480088298,4122.6,PAYMENT,CORRECT,LOW RISK
10118,0,0,0.03743105557678161,0.0,PAYMENT,CORRECT,LOW RISK
18569,0,0,0.021693462861202096,27862.92,CASH_IN,CORRECT,LOW RISK
6505,0,1,0.6385468682822778,464.0,CASH_OUT,WRONG,MEDIUM RISK
4721,0,1,0.7980892811643789,8842.0,CASH_OUT,WRONG,HIGH RISK
16565,0,0,0.011476645678625061,2643.19,PAYMENT,CORRECT,LOW RISK
3215,0,1,0.7415177270091613,6775.0,CASH_OUT,WRONG,HIGH RISK
6799,0,1,0.6035279992569957,40833.0,CASH_OUT,WRONG,MEDIUM RISK
11113,0,0,0.09535697568452052,257.0,PAYMENT,CORRECT,LOW RISK
16285,0,0,0.02931215253532396,4122.21,PAYMENT,CORRECT,LOW RISK
14909,0,0,0.09916621637151392,3016.87,PAYMENT,CORRECT,LOW RISK
1507,1,1,0.5610156546932383,24460.0,CASH_OUT,CORRECT,MEDIUM RISK
7913,0,0,0.0,0.0,TRANSFER,CORRECT,LOW RISK
7083,0,0,0.012346003633969158,0.0,CASH_OUT,CORRECT,LOW RISK
13388,0,1,0.6456916756778761,20952.22,CASH_OUT,WRONG,MEDIUM RISK
2699,1,1,0.6989802553650324,93.0,CASH_OUT,CORRECT,MEDIUM RISK
6372,0,0,0.4509859903044071,5113.0,CASH_IN,CORRECT,MEDIUM RISK
6518,0,1,0.5832959293608545,388.0,CASH_OUT,WRONG,MEDIUM RISK
3408,0,1,0.9055889280800716,23210.0,TRANSFER,WRONG,HIGH RISK
1462,1,1,0.6100306222776777,1828.0,CASH_OUT,CORRECT,MEDIUM RISK
14308,0,0,0.1268609797420409,1101.72,PAYMENT,CORRECT,LOW RISK
17064,0,0,0.005976398392303731,13528.97,PAYMENT,CORRECT,LOW RISK
6065,0,1,0.6897143219066993,10593.0,CASH_OUT,WRONG,MEDIUM RISK
1458,1,1,0.6088221424305604,4732.0,CASH_OUT,CORRECT,MEDIUM RISK
7403,0,1,0.5817302065219399,5013.0,CASH_OUT,WRONG,MEDIUM RISK
5723,0,1,0.6437481951400308,4457.0,CASH_OUT,WRONG,MEDIUM RISK
17362,0,0,0.0026070863966092704,157388.21,CASH_IN,CORRECT,LOW RISK
14367,0,0,0.08731641129570254,17523.64,PAYMENT,CORRECT,LOW RISK
3428,0,0,0.45529657548778674,16.0,CASH_IN,CORRECT,MEDIUM RISK
12342,0,0,0.03743105557678161,0.0,PAYMENT,CORRECT,LOW RISK
16043,0,0,0.014043752168425357,154140.86,CASH_IN,CORRECT,LOW RISK
19855,0,0,0.0,49159.85,CASH_IN,CORRECT,LOW RISK
1163,1,1,0.6489347953666763,248.0,CASH_OUT,CORRECT,MEDIUM RISK
399,1,1,0.9103981334699414,15051.0,TRANSFER,CORRECT,HIGH RISK
17188,0,0,0.3164134177445804,7053.01,DEBIT,CORRECT,MEDIUM RISK
13996,0,0,0.1335195150387485,15849.34,PAYMENT,CORRECT,LOW RISK
11395,0,0,0.03743105557678161,0.0,PAYMENT,CORRECT,LOW RISK
12147,0,0,0.03743105557678161,0.0,PAYMENT,CORRECT,LOW RISK
15632,0,0,0.05385706323156994,8786.46,PAYMENT,CORRECT,LOW RISK
776,1,0,0.07001614739116556,83073.0,CASH_OUT,WRONG,LOW RISK
17470,0,0,0.3472898883787536,6173.16,DEBIT,CORRECT,MEDIUM RISK
11619,0,0,0.22735386457921059,6839.0,PAYMENT,CORRECT,LOW RISK
393,1,1,0.9344403364412684,15326.0,TRANSFER,CORRECT,HIGH RISK
10744,0,0,0.11948314879400254,556.0,PAYMENT,CORRECT,LOW RISK
13465,0,1,0.5900424979055482,11305.57,CASH_IN,WRONG,MEDIUM RISK
16989,0,0,0.07277297517026109,41052.21,CASH_IN,CORRECT,LOW RISK
19666,0,0,0.0036821815476917436,103995.04,CASH_IN,CORRECT,LOW RISK
5242,0,1,0.6714945342552566,12313.0,CASH_OUT,WRONG,MEDIUM RISK
2611,1,1,0.7199309721958034,1865.0,CASH_OUT,CORRECT,HIGH RISK
13072,0,0,0.11891583986758722,14225.16,PAYMENT,CORRECT,LOW RISK
19837,0,0,0.010896375377054098,58310.04,CASH_IN,CORRECT,LOW RISK
11530,0,0,0.03743105557678161,0.0,PAYMENT,CORRECT,LOW RISK
1997,1,1,0.5711628773755685,36606.0,CASH_OUT,CORRECT,MEDIUM RISK
8341,0,0,0.012346003633969158,0.0,CASH_OUT,CORRECT,LOW RISK
753,1,1,0.8993115095682058,24819.0,TRANSFER,CORRECT,HIGH RISK
4083,0,1,0.694979857755119,10770.0,CASH_OUT,WRONG,MEDIUM RISK
16889,0,0,0.09230717876771029,48913.6,CASH_OUT,CORRECT,LOW RISK
9567,0,0,0.03743105557678161,0.0,PAYMENT,CORRECT,LOW RISK
19771,0,0,0.01311279190014518,826523.61,CASH_IN,CORRECT,LOW RISK
3957,0,1,0.6265036707320216,17.0,CASH_OUT,WRONG,MEDIUM RISK
11450,0,0,0.03743105557678161,0.0,PAYMENT,CORRECT,LOW RISK
16463,0,0,0.10380248872638549,10016.97,CASH_IN,CORRECT,LOW RISK
18494,0,0,0.015372038819868589,106908.19,CASH_IN,CORRECT,LOW RISK
6058,0,0,0.4787072927860699,70074.0,CASH_OUT,CORRECT,MEDIUM RISK
1142,1,1,0.8538188923419655,75970.0,TRANSFER,CORRECT,HIGH RISK
2570,1,1,0.6301403077434677,6540.0,CASH_OUT,CORRECT,MEDIUM RISK
12780,0,0,0.1332830624075508,6284.9,PAYMENT,CORRECT,LOW RISK
17314,0,0,0.08469279773982118,22965.53,CASH_OUT,CORRECT,LOW RISK
19648,0,0,0.0023503072091320713,252182.32,CASH_IN,CORRECT,LOW RISK
11916,0,0,0.03743105557678161,0.0,PAYMENT,CORRECT,LOW RISK
11962,0,1,0.5634220777359122,16764.0,CASH_IN,WRONG,MEDIUM RISK
9480,0,1,0.6455005518636641,5033.0,CASH_OUT,WRONG,MEDIUM RISK
17021,0,0,0.004123719406251243,9006.21,PAYMENT,CORRECT,LOW RISK
3325,0,0,0.45858288367351746,8141.0,CASH_IN,CORRECT,MEDIUM RISK
184,1,1,0.9435047886125884,11240.0,TRANSFER,CORRECT,HIGH RISK
19968,0,0,0.004957609181434098,272620.0,CASH_IN,CORRECT,LOW RISK
8802,0,0,0.107901481302775,536.0,PAYMENT,CORRECT,LOW RISK
7303,0,0,0.47980804466002747,65068.0,CASH_IN,CORRECT,MEDIUM RISK
7862,0,1,0.6658393672446756,1263.0,CASH_OUT,WRONG,MEDIUM RISK
12497,0,0,0.03743105557678161,0.0,PAYMENT,CORRECT,LOW RISK
13958,0,0,0.1822279103922453,6994.5,PAYMENT,CORRECT,LOW RISK
13917,0,0,0.1965573524324649,8608.83,PAYMENT,CORRECT,LOW RISK
19868,0,0,0.004957609181434098,201439.34,CASH_IN,CORRECT,LOW RISK
7031,0,0,0.2960259100857139,20.0,CASH_OUT,CORRECT,LOW RISK
4599,0,1,0.7176186885719283,7042.0,CASH_OUT,WRONG,HIGH RISK
14309,0,0,0.23267119039989445,28838.38,PAYMENT,CORRECT,LOW RISK
11908,0,0,0.03743105557678161,0.0,PAYMENT,CORRECT,LOW RISK
14502,0,0,0.0277540139861688,365849.21,CASH_OUT,CORRECT,LOW RISK
14131,0,1,0.6691752509843057,14334.88,CASH_OUT,WRONG,MEDIUM RISK
14520,0,0,0.11050863353842724,8186.77,PAYMENT,CORRECT,LOW RISK
9437,0,1,0.5839638003536123,46537.0,CASH_OUT,WRONG,MEDIUM RISK
1692,1,1,0.5074579532229382,31059.0,CASH_IN,CORRECT,MEDIUM RISK
16508,0,0,0.14817697703356691,30851.85,CASH_OUT,CORRECT,LOW RISK
18684,0,0,0.0,344128.54,CASH_IN,CORRECT,LOW RISK
15129,0,0,0.26500249039627843,30641.03,CASH_OUT,CORRECT,LOW RISK
17092,0,0,0.0,229799.94,CASH_OUT,CORRECT,LOW RISK
9164,0,0,0.012346003633969158,0.0,CASH_OUT,CORRECT,LOW RISK
18097,0,0,0.04332040746109397,90050.1,CASH_IN,CORRECT,LOW RISK
11381,0,0,0.15155004371011255,879.0,PAYMENT,CORRECT,LOW RISK
4410,0,1,0.5576142670151136,22349.0,CASH_OUT,WRONG,MEDIUM RISK
2539,1,1,0.5786963709952961,1123.0,CASH_OUT,CORRECT,MEDIUM RISK
13172,0,0,0.08514520377104544,5134.68,PAYMENT,CORRECT,LOW RISK
5100,0,1,0.6360414895746508,13652.0,CASH_OUT,WRONG,MEDIUM RISK
227,1,1,0.8709656694424603,6541.0,TRANSFER,CORRECT,HIGH RISK
2822,1,1,0.5250817976410609,36.0,CASH_IN,CORRECT,MEDIUM RISK
15982,0,0,0.02594706041201066,5196.18,PAYMENT,CORRECT,LOW RISK
5357,0,1,0.9246618522903859,6848.0,TRANSFER,WRONG,HIGH RISK
14674,0,0,0.17307067937639872,16052.22,PAYMENT,CORRECT,LOW RISK
11011,0,0,0.012346003633969158,0.0,CASH_OUT,CORRECT,LOW RISK
4846,0,1,0.7137860645651759,13787.0,CASH_OUT,WRONG,HIGH RISK
4012,0,1,0.7572826206543403,16788.0,CASH_OUT,WRONG,HIGH RISK
5910,0,0,0.4196849267387676,117.0,CASH_IN,CORRECT,MEDIUM RISK
10064,0,0,0.03743105557678161,0.0,PAYMENT,CORRECT,LOW RISK
17783,0,0,0.011287160089726501,26070.15,PAYMENT,CORRECT,LOW RISK
2399,1,1,0.8006870942315666,5103.0,CASH_OUT,CORRECT,HIGH RISK
6030,0,1,0.5056552535665212,15706.0,CASH_OUT,WRONG,MEDIUM RISK
9483,0,0,0.03743105557678161,0.0,PAYMENT,CORRECT,LOW RISK
10887,0,1,0.5432577521117065,1037.0,CASH_IN,WRONG,MEDIUM RISK
2840,1,1,0.6332408500057473,1912.0,CASH_OUT,CORRECT,MEDIUM RISK
1927,1,1,0.5180091628401088,7.0,CASH_IN,CORRECT,MEDIUM RISK
17905,0,0,0.27358460140117885,36906.05,TRANSFER,CORRECT,LOW RISK
7088,0,1,0.5555096101317727,7233.0,CASH_OUT,WRONG,MEDIUM RISK
17226,0,0,0.0004056601820054488,16763.64,PAYMENT,CORRECT,LOW RISK
12889,0,0,0.10338466008787871,16591.0,PAYMENT,CORRECT,LOW RISK
5233,0,0,0.3687465893743002,2609.0,CASH_IN,CORRECT,MEDIUM RISK
8116,0,0,0.03743105557678161,0.0,PAYMENT,CORRECT,LOW RISK
12948,0,0,0.10050200433027602,6561.71,PAYMENT,CORRECT,LOW RISK
2449,1,1,0.6504102684847096,395.0,CASH_OUT,CORRECT,MEDIUM RISK
7196,0,0,0.012346003633969158,0.0,CASH_OUT,CORRECT,LOW RISK
428,1,1,0.8602601005069291,22323.0,TRANSFER,CORRECT,HIGH RISK
1755,1,0,0.36325177576586837,52630.0,CASH_OUT,WRONG,MEDIUM RISK
19389,0,0,0.03991880986251434,136489.07,CASH_IN,CORRECT,LOW RISK
14028,0,0,0.1895124092183501,17401.91,PAYMENT,CORRECT,LOW RISK
10358,0,0,0.03743105557678161,0.0,PAYMENT,CORRECT,LOW RISK
17490,0,0,0.06585614242762022,13712.29,PAYMENT,CORRECT,LOW RISK
5943,0,1,0.693657338931827,22422.0,CASH_OUT,WRONG,MEDIUM RISK
5363,0,0,0.40830919792747705,8646.0,CASH_IN,CORRECT,MEDIUM RISK
5960,0,1,0.5937605508539242,12291.0,CASH_OUT,WRONG,MEDIUM RISK
14519,1,0,0.31221187720460064,6765.12,DEBIT,WRONG,MEDIUM RISK
19265,0,0,0.009180657691853798,34929.4,CASH_IN,CORRECT,LOW RISK
11134,0,0,0.0962182685200382,80.0,PAYMENT,CORRECT,LOW RISK
7187,0,1,0.5756907709724629,1730.0,CASH_OUT,WRONG,MEDIUM RISK
6154,0,0,0.4378264513298771,3741.0,CASH_IN,CORRECT,MEDIUM RISK
16469,0,0,0.09665535465258238,10829.4,CASH_OUT,CORRECT,LOW RISK
7795,0,0,0.05099618379665266,90810.0,CASH_OUT,CORRECT,LOW RISK
431,1,1,0.9132252384996946,20004.0,TRANSFER,CORRECT,HIGH RISK
6384,0,1,0.9547518150152385,16768.0,TRANSFER,WRONG,HIGH RISK
14652,0,0,0.13426071460360248,7575.13,PAYMENT,CORRECT,LOW RISK
1941,1,1,0.6842106267022562,12083.0,CASH_OUT,CORRECT,MEDIUM RISK
4055,0,1,0.7088637628238104,13765.0,CASH_OUT,WRONG,HIGH RISK
5427,0,1,0.5476281865550431,24125.0,CASH_OUT,WRONG,MEDIUM RISK
11145,0,0,0.009814135565852524,0.0,CASH_IN,CORRECT,LOW RISK
1820,1,0,0.47882215324745053,4426.0,CASH_IN,WRONG,MEDIUM RISK
3078,1,1,0.7481863632484357,20179.0,CASH_OUT,CORRECT,HIGH RISK
18724,0,0,0.08950993206362716,66820.39,CASH_IN,CORRECT,LOW RISK
6122,0,0,0.3128658155055096,1.0,CASH_OUT,CORRECT,MEDIUM RISK
6417,0,0,0.49195990325622413,861.0,CASH_IN,CORRECT,MEDIUM RISK
14751,0,0,0.09126516900165224,6066.15,PAYMENT,CORRECT,LOW RISK
17282,0,0,0.05193907665817059,64696.63,CASH_IN,CORRECT,LOW RISK
16982,0,0,0.009202770398222794,21988.04,PAYMENT,CORRECT,LOW RISK
19817,0,0,0.001047420613162471,233040.4,CASH_IN,CORRECT,LOW RISK
12059,0,0,0.13236115064159365,4870.0,PAYMENT,CORRECT,LOW RISK
18080,0,0,0.012283547935380305,170578.74,CASH_IN,CORRECT,LOW RISK
3649,0,0,0.464446975649703,3541.0,CASH_IN,CORRECT,MEDIUM RISK
13824,0,0,0.05107943492281458,2483.1,PAYMENT,CORRECT,LOW RISK
19863,0,0,0.0013056681150222143,141644.23,CASH_IN,CORRECT,LOW RISK
7175,0,1,0.7210814399644592,10681.0,CASH_OUT,WRONG,HIGH RISK
18495,0,0,0.031693462861202094,24873.65,CASH_IN,CORRECT,LOW RISK
17175,0,0,0.05241074035106868,33555.41,CASH_IN,CORRECT,LOW RISK
9086,0,0,0.03743105557678161,0.0,PAYMENT,CORRECT,LOW RISK
3369,0,0,0.28572001707734773,61373.0,CASH_OUT,CORRECT,LOW RISK
9497,0,0,0.03743105557678161,0.0,PAYMENT,CORRECT,LOW RISK
5744,0,0,0.2129313966225591,4856.0,CASH_IN,CORRECT,LOW RISK
8646,0,1,0.5905722339279563,13899.0,TRANSFER,WRONG,MEDIUM RISK
15461,0,1,0.5030332604336162,52224.6,CASH_OUT,WRONG,MEDIUM RISK
8739,0,0,0.012346003633969158,0.0,CASH_OUT,CORRECT,LOW RISK
14641,0,0,0.1652922282974943,5417.58,PAYMENT,CORRECT,LOW RISK
16316,0,0,0.0009628918007446332,12780.97,PAYMENT,CORRECT,LOW RISK
14499,0,1,0.8753357448987598,24617.68,TRANSFER,WRONG,HIGH RISK
9571,0,0,0.03743105557678161,0.0,PAYMENT,CORRECT,LOW RISK
5302,0,1,0.566539391329988,7783.0,CASH_OUT,WRONG,MEDIUM RISK
3554,0,0,0.4376475867897743,2793.0,CASH_IN,CORRECT,MEDIUM RISK
19593,0,0,0.001814645333901508,195405.69,CASH_IN,CORRECT,LOW RISK
10800,0,0,0.15328227093066185,948.0,PAYMENT,CORRECT,LOW RISK
3897,0,1,0.627799579907515,13590.0,CASH_IN,WRONG,MEDIUM RISK
19008,0,0,0.12308956577222331,117258.1,CASH_IN,CORRECT,LOW RISK
16357,0,0,0.011772845301174317,6708.37,PAYMENT,CORRECT,LOW RISK
6169,0,1,0.6555683869765977,13143.0,CASH_OUT,WRONG,MEDIUM RISK
16807,0,1,0.6862731626323811,43301.66,TRANSFER,WRONG,MEDIUM RISK
12073,0,0,0.03743105557678161,0.0,PAYMENT,CORRECT,LOW RISK
19960,0,0,0.005373755189604623,138857.43,CASH_IN,CORRECT,LOW RISK
15245,0,0,0.07964491135075598,18673.56,PAYMENT,CORRECT,LOW RISK
14479,0,0,0.19588556336912608,364.11,PAYMENT,CORRECT,LOW RISK
5906,0,1,0.7987800319917453,1749.0,CASH_OUT,WRONG,HIGH RISK
4304,0,0,0.2572365877613029,60819.0,CASH_OUT,CORRECT,LOW RISK
14270,0,0,0.1378236607580288,1000.55,PAYMENT,CORRECT,LOW RISK
7662,0,0,0.012346003633969158,0.0,CASH_OUT,CORRECT,LOW RISK
3225,0,0,0.0006286138716258783,219743.0,CASH_OUT,CORRECT,LOW RISK
6277,0,1,0.6660054186655566,15574.0,CASH_OUT,WRONG,MEDIUM RISK
17584,0,0,0.09073293271356532,11198.01,PAYMENT,CORRECT,LOW RISK
6749,0,0,0.012346003633969158,0.0,CASH_OUT,CORRECT,LOW RISK
1051,1,1,0.8153955955730957,6196.0,CASH_OUT,CORRECT,HIGH RISK
9024,0,0,0.03743105557678161,0.0,PAYMENT,CORRECT,LOW RISK
17311,0,0,0.01156097548933024,4031.65,PAYMENT,CORRECT,LOW RISK
1193,1,1,0.5199161938428052,968.0,CASH_IN,CORRECT,MEDIUM RISK
14329,0,0,0.30633214975315826,36093.21,PAYMENT,CORRECT,MEDIUM RISK
4041,0,1,0.6627491432970877,556.0,CASH_OUT,WRONG,MEDIUM RISK
6960,0,0,0.012346003633969158,0.0,CASH_OUT,CORRECT,LOW RISK
13576,0,1,0.6232111353133611,6062.53,CASH_OUT,WRONG,MEDIUM RISK
19121,0,0,0.02295235976173238,223934.65,CASH_IN,CORRECT,LOW RISK
7699,0,1,0.6932902369346509,15933.0,CASH_OUT,WRONG,MEDIUM RISK
4939,0,1,0.6941073283558876,2879.0,CASH_OUT,WRONG,MEDIUM RISK
2758,1,1,0.7332645070666325,5264.0,CASH_OUT,CORRECT,HIGH RISK
14709,0,0,0.1186756401858623,8706.43,PAYMENT,CORRECT,LOW RISK
12803,0,0,0.08778824689451932,7764.9,PAYMENT,CORRECT,LOW RISK
3303,0,1,0.7180391883368631,911.0,CASH_OUT,WRONG,HIGH RISK
10479,0,0,0.012346003633969158,0.0,CASH_OUT,CORRECT,LOW RISK
4098,0,1,0.7401172369001249,9661.0,CASH_OUT,WRONG,HIGH RISK
10578,0,0,0.03743105557678161,0.0,PAYMENT,CORRECT,LOW RISK
4954,0,1,0.5172877769099781,30965.0,CASH_OUT,WRONG,MEDIUM RISK
17449,0,0,0.08387235790584027,70733.29,CASH_OUT,CORRECT,LOW RISK
5739,0,0,0.38860281055289975,15910.0,CASH_IN,CORRECT,MEDIUM RISK
17462,0,0,0.0006888664509880695,948.75,PAYMENT,CORRECT,LOW RISK
16414,0,0,0.0009628918007446332,15018.58,PAYMENT,CORRECT,LOW RISK
11106,0,0,0.07387033197843236,192.0,PAYMENT,CORRECT,LOW RISK
14217,0,0,0.12046460201609648,19136.05,PAYMENT,CORRECT,LOW RISK
12491,0,0,0.1310246963400195,1031.0,PAYMENT,CORRECT,LOW RISK
6496,0,1,0.6037974243161578,88.0,CASH_OUT,WRONG,MEDIUM RISK
14084,0,0,0.02482616040360095,256620.4,CASH_OUT,CORRECT,LOW RISK
14156,0,0,0.13509494725315277,3705.36,PAYMENT,CORRECT,LOW RISK
1665,1,1,0.7101002076979692,21577.0,CASH_OUT,CORRECT,HIGH RISK
234,1,1,0.8978147767584201,24731.0,TRANSFER,CORRECT,HIGH RISK
13869,0,0,0.12325664291863453,8387.45,PAYMENT,CORRECT,LOW RISK
4575,0,1,0.71882657225081,9021.0,CASH_OUT,WRONG,HIGH RISK
13190,0,0,0.12751274160126413,17103.71,PAYMENT,CORRECT,LOW RISK
10038,0,0,0.03743105557678161,0.0,PAYMENT,CORRECT,LOW RISK
14511,0,0,0.11964343670268443,3182.29,PAYMENT,CORRECT,LOW RISK
18545,0,0,0.005464114142368904,126209.75,CASH_IN,CORRECT,LOW RISK
159,1,1,0.8943032118608495,2340.0,TRANSFER,CORRECT,HIGH RISK
6493,0,1,0.5124462243665842,43973.0,CASH_OUT,WRONG,MEDIUM RISK
3820,0,1,0.620248908254251,14123.0,CASH_OUT,WRONG,MEDIUM RISK
13591,0,0,0.06461656970863074,338966.87,CASH_IN,CORRECT,LOW RISK
14465,0,0,0.11278210764896601,10814.6,PAYMENT,CORRECT,LOW RISK
11096,0,0,0.03743105557678161,0.0,PAYMENT,CORRECT,LOW RISK
16240,0,0,0.0006286138716258783,223893.0,CASH_IN,CORRECT,LOW RISK
9670,0,0,0.03743105557678161,0.0,PAYMENT,CORRECT,LOW RISK
11845,0,0,0.16837432435693261,1379.0,PAYMENT,CORRECT,LOW RISK
17574,0,0,0.10441414113910116,9261.45,CASH_IN,CORRECT,LOW RISK
15856,0,0,0.008753410650201377,2026.88,PAYMENT,CORRECT,LOW RISK
14657,0,0,0.1549385083994791,3034.78,PAYMENT,CORRECT,LOW RISK
17604,0,0,0.07276835273085314,3019.33,PAYMENT,CORRECT,LOW RISK
18248,0,0,0.025164955837968475,112197.19,CASH_IN,CORRECT,LOW RISK
1161,1,1,0.5832814587567711,2007.0,CASH_OUT,CORRECT,MEDIUM RISK
12189,0,0,0.03743105557678161,0.0,PAYMENT,CORRECT,LOW RISK
16454,0,0,0.02134105848892531,7665.94,PAYMENT,CORRECT,LOW RISK
16050,0,0,0.04739243019308691,12404.67,PAYMENT,CORRECT,LOW RISK
18607,0,0,0.06846179222594378,53181.16,CASH_IN,CORRECT,LOW RISK
10787,0,0,0.03743105557678161,0.0,PAYMENT,CORRECT,LOW RISK
2731,1,1,0.8128769789723814,57755.0,TRANSFER,CORRECT,HIGH RISK
12833,0,0,0.14228457801744454,2216.01,PAYMENT,CORRECT,LOW RISK
18878,0,0,0.09793269013673435,170217.6,CASH_IN,CORRECT,LOW RISK
4392,0,0,0.44853742184294876,7755.0,CASH_IN,CORRECT,MEDIUM RISK
2196,1,0,0.4938122995054091,24004.0,CASH_OUT,WRONG,MEDIUM RISK
3827,0,1,0.6108288991278414,2696.0,CASH_OUT,WRONG,MEDIUM RISK
18266,0,0,0.05462577506154516,8038.75,PAYMENT,CORRECT,LOW RISK
10113,0,0,0.03743105557678161,0.0,PAYMENT,CORRECT,LOW RISK
17982,0,0,0.03343566639770013,16371.46,PAYMENT,CORRECT,LOW RISK
8856,0,0,0.009814135565852524,0.0,CASH_IN,CORRECT,LOW RISK
19009,0,0,0.015766150114961297,291546.45,CASH_IN,CORRECT,LOW RISK
6939,0,0,0.012346003633969158,0.0,CASH_OUT,CORRECT,LOW RISK
8412,0,0,0.012346003633969158,0.0,CASH_OUT,CORRECT,LOW RISK
9851,0,0,0.03743105557678161,0.0,PAYMENT,CORRECT,LOW RISK
1853,1,1,0.7613847310881683,5316.0,CASH_OUT,CORRECT,HIGH RISK
15978,0,0,0.012171076986561922,5899.29,PAYMENT,CORRECT,LOW RISK
19375,0,0,0.022692587169510677,27338.44,CASH_IN,CORRECT,LOW RISK
8894,0,0,0.03743105557678161,0.0,PAYMENT,CORRECT,LOW RISK
14046,0,0,0.15236654356253584,19457.79,PAYMENT,CORRECT,LOW RISK
7932,0,1,0.6045854147473778,15055.0,CASH_OUT,WRONG,MEDIUM RISK
4179,0,1,0.7092554835478506,16600.0,CASH_OUT,WRONG,HIGH RISK
7229,0,0,0.4618866515206897,22473.0,CASH_IN,CORRECT,MEDIUM RISK
11357,0,0,0.03743105557678161,0.0,PAYMENT,CORRECT,LOW RISK
2369,1,1,0.7264322744338052,11286.0,CASH_OUT,CORRECT,HIGH RISK
2072,1,0,0.41960453743212645,32885.0,CASH_OUT,WRONG,MEDIUM RISK
20025,0,0,0.0007183762933674295,48629.28,CASH_IN,CORRECT,LOW RISK
14351,0,0,0.46844717995813767,42512.38,CASH_IN,CORRECT,MEDIUM RISK
1646,1,0,0.4798939398293411,923.0,CASH_OUT,WRONG,MEDIUM RISK
16144,0,1,0.7387450496267556,59480.49,TRANSFER,WRONG,HIGH RISK
12151,0,0,0.012346003633969158,0.0,CASH_OUT,CORRECT,LOW RISK
6274,0,1,0.6125982321307547,15949.0,CASH_OUT,WRONG,MEDIUM RISK
17793,0,0,0.031778382872952364,157703.73,CASH_IN,CORRECT,LOW RISK
15499,0,0,0.20448109869896203,14415.16,CASH_IN,CORRECT,LOW RISK
1309,1,1,0.6152898957245043,14507.0,CASH_OUT,CORRECT,MEDIUM RISK
11239,0,0,0.03743105557678161,0.0,PAYMENT,CORRECT,LOW RISK
2748,1,1,0.6334685171985988,23927.0,CASH_OUT,CORRECT,MEDIUM RISK
13158,0,0,0.14013976924791155,1778.93,PAYMENT,CORRECT,LOW RISK
6668,0,1,0.5160243349129957,10289.0,CASH_IN,WRONG,MEDIUM RISK
10817,0,0,0.03743105557678161,0.0,PAYMENT,CORRECT,LOW RISK
15673,0,0,0.008533268276262516,198727.4,CASH_OUT,CORRECT,LOW RISK
3822,0,0,0.32822072859650353,40523.0,CASH_IN,CORRECT,MEDIUM RISK
13900,0,0,0.47741071692649767,48943.42,CASH_IN,CORRECT,MEDIUM RISK
7571,0,0,0.47943716545381976,50.0,CASH_IN,CORRECT,MEDIUM RISK
18525,0,0,0.018230639967112373,171508.11,CASH_IN,CORRECT,LOW RISK
16036,0,0,0.031720637169708944,13389.27,PAYMENT,CORRECT,LOW RISK
783,1,1,0.9016107186952605,2575.0,TRANSFER,CORRECT,HIGH RISK
2869,1,1,0.6674806506593205,825.0,CASH_OUT,CORRECT,MEDIUM RISK
5783,0,1,0.5892767409013357,9617.0,CASH_IN,WRONG,MEDIUM RISK
1140,1,0,0.3939702364158034,7760.0,CASH_IN,WRONG,MEDIUM RISK
13660,0,0,0.12316527269463298,8227.35,PAYMENT,CORRECT,LOW RISK
7177,0,0,0.012346003633969158,0.0,CASH_OUT,CORRECT,LOW RISK
12564,0,0,0.03743105557678161,0.0,PAYMENT,CORRECT,LOW RISK
12519,0,0,0.03743105557678161,0.0,PAYMENT,CORRECT,LOW RISK
6507,0,1,0.6639146830234656,21553.0,CASH_OUT,WRONG,MEDIUM RISK
17593,0,0,0.09166423010884214,58585.19,CASH_OUT,CORRECT,LOW RISK
8001,0,1,0.5358388850268756,348.0,CASH_IN,WRONG,MEDIUM RISK
10308,0,0,0.012346003633969158,0.0,CASH_OUT,CORRECT,LOW RISK
12646,0,0,0.13195707278247354,4285.71,PAYMENT,CORRECT,LOW RISK
7361,0,0,0.012346003633969158,0.0,CASH_OUT,CORRECT,LOW RISK
17666,0,0,0.08856656698263646,7032.56,PAYMENT,CORRECT,LOW RISK
1480,1,1,0.7288255267094575,11748.0,CASH_OUT,CORRECT,HIGH RISK
17160,1,0,0.011490021535038314,9349.04,PAYMENT,WRONG,LOW RISK
6690,0,1,0.6494778394195718,4398.0,CASH_OUT,WRONG,MEDIUM RISK
14177,0,0,0.12944944923269427,10715.77,PAYMENT,CORRECT,LOW RISK
5195,0,1,0.6672515829497437,12571.0,CASH_OUT,WRONG,MEDIUM RISK
2453,1,1,0.736992175175422,20209.0,CASH_OUT,CORRECT,HIGH RISK
19377,0,0,0.004333744986028733,10842.2,CASH_IN,CORRECT,LOW RISK
1472,1,1,0.7252842928040536,13167.0,CASH_OUT,CORRECT,HIGH RISK
11027,0,0,0.03743105557678161,0.0,PAYMENT,CORRECT,LOW RISK
13720,0,0,0.44152000464093705,75728.86,CASH_OUT,CORRECT,MEDIUM RISK
11163,0,0,0.03743105557678161,0.0,PAYMENT,CORRECT,LOW RISK
4423,0,1,0.7325268685140331,20861.0,CASH_OUT,WRONG,HIGH RISK
7611,0,1,0.5695029515103573,23524.0,CASH_OUT,WRONG,MEDIUM RISK
14392,0,0,0.16760061412031557,63315.75,PAYMENT,CORRECT,LOW RISK
15127,0,0,0.06169463799940106,13059.03,PAYMENT,CORRECT,LOW RISK
275,1,1,0.9625238557138315,21693.0,TRANSFER,CORRECT,HIGH RISK
2010,1,0,0.3523151120730368,802.0,CASH_IN,WRONG,MEDIUM RISK
6309,0,0,0.43466767231476405,3349.0,CASH_IN,CORRECT,MEDIUM RISK
2012,1,1,0.6889771098929718,5044.0,CASH_OUT,CORRECT,MEDIUM RISK
13321,0,0,0.12274163186146098,9282.61,PAYMENT,CORRECT,LOW RISK
2269,1,1,0.652471174741552,4061.0,CASH_OUT,CORRECT,MEDIUM RISK
9848,0,0,0.03743105557678161,0.0,PAYMENT,CORRECT,LOW RISK
7713,0,1,0.5990272952510973,5218.0,CASH_OUT,WRONG,MEDIUM RISK
17785,0,0,0.0,312257.87,CASH_IN,CORRECT,LOW RISK
6940,0,1,0.5381598235377703,7487.0,CASH_OUT,WRONG,MEDIUM RISK
18746,0,0,0.0,305555.97,CASH_IN,CORRECT,LOW RISK
18318,0,0,0.0277687717556039,25782.11,CASH_IN,CORRECT,LOW RISK
16441,0,0,0.0039933765490404475,408671.5,CASH_OUT,CORRECT,LOW RISK
13734,0,1,0.5731206284845661,9528.38,CASH_IN,WRONG,MEDIUM RISK
2480,1,1,0.6684221077327085,12694.0,CASH_OUT,CORRECT,MEDIUM RISK
5101,0,1,0.7163458170980307,19484.0,CASH_OUT,WRONG,HIGH RISK
10921,1,0,0.03743105557678161,0.0,PAYMENT,WRONG,LOW RISK
874,1,1,0.9438550898258256,11259.0,TRANSFER,CORRECT,HIGH RISK
17480,0,0,0.012328550484385487,11083.75,PAYMENT,CORRECT,LOW RISK
17170,0,0,0.006995000203109072,9075.68,PAYMENT,CORRECT,LOW RISK
4501,0,1,0.739348370832093,19875.0,CASH_OUT,WRONG,HIGH RISK
4084,0,1,0.7056490048013425,4711.0,CASH_OUT,WRONG,HIGH RISK
2209,1,0,0.22493444133341708,15651.0,CASH_OUT,WRONG,LOW RISK
2183,1,1,0.7136255189029264,2231.0,CASH_OUT,CORRECT,HIGH RISK
19663,0,0,0.01951196262790076,287713.13,CASH_IN,CORRECT,LOW RISK
9880,0,0,0.11996949335273209,73.0,PAYMENT,CORRECT,LOW RISK
3488,0,1,0.636246276921533,591.0,CASH_OUT,WRONG,MEDIUM RISK
19403,0,0,0.03522066515448005,159021.56,CASH_IN,CORRECT,LOW RISK
12071,0,0,0.03743105557678161,0.0,PAYMENT,CORRECT,LOW RISK
9457,0,0,0.03743105557678161,0.0,PAYMENT,CORRECT,LOW RISK
8139,0,1,0.5468908636273957,6038.0,CASH_OUT,WRONG,MEDIUM RISK
11805,0,0,0.03743105557678161,0.0,PAYMENT,CORRECT,LOW RISK
9110,0,0,0.07187285281427325,953.0,PAYMENT,CORRECT,LOW RISK
13686,0,0,0.1704514068334215,12649.0,PAYMENT,CORRECT,LOW RISK
16200,0,0,0.010501004137845377,360156.71,CASH_IN,CORRECT,LOW RISK
2793,1,1,0.7352648552295039,21303.0,CASH_OUT,CORRECT,HIGH RISK
10303,0,0,0.03743105557678161,0.0,PAYMENT,CORRECT,LOW RISK
10791,0,0,0.03743105557678161,0.0,PAYMENT,CORRECT,LOW RISK
10223,0,0,0.15214121586140641,2530.0,PAYMENT,CORRECT,LOW RISK
5405,0,1,0.5584281778868433,24982.0,CASH_OUT,WRONG,MEDIUM RISK
4749,0,1,0.7623971429659978,10376.0,CASH_OUT,WRONG,HIGH RISK
979,1,1,0.527637481711659,70.0,CASH_OUT,CORRECT,MEDIUM RISK
19843,0,0,0.0,164516.38,CASH_IN,CORRECT,LOW RISK
7793,0,0,0.012346003633969158,0.0,CASH_OUT,CORRECT,LOW RISK
12019,0,0,0.1376725438849541,109.0,PAYMENT,CORRECT,LOW RISK
17522,0,0,0.06788074298194416,73506.33,CASH_OUT,CORRECT,LOW RISK
1041,1,1,0.9024298030704442,23668.0,TRANSFER,CORRECT,HIGH RISK
18184,0,0,0.023903361351544125,72425.92,CASH_IN,CORRECT,LOW RISK
4,1,1,0.8986849600236778,36563.0,TRANSFER,CORRECT,HIGH RISK
13725,0,0,0.49548371126589885,42010.7,CASH_OUT,CORRECT,MEDIUM RISK
2303,1,1,0.5531943340293356,20429.0,CASH_IN,CORRECT,MEDIUM RISK
15041,0,0,0.04391721534487405,339919.54,CASH_IN,CORRECT,LOW RISK
11366,0,0,0.012346003633969158,0.0,CASH_OUT,CORRECT,LOW RISK
5071,0,1,0.7111121673858145,17397.0,CASH_OUT,WRONG,HIGH RISK
11777,0,0,0.03743105557678161,0.0,PAYMENT,CORRECT,LOW RISK
9869,0,0,0.03743105557678161,0.0,PAYMENT,CORRECT,LOW RISK
15758,0,0,0.059006777077789334,144065.75,CASH_OUT,CORRECT,LOW RISK
37,1,1,0.944219073940524,23422.0,TRANSFER,CORRECT,HIGH RISK
19871,0,0,0.001047420613162471,256454.12,CASH_IN,CORRECT,LOW RISK
10157,0,0,0.4086707860159508,26073.0,CASH_OUT,CORRECT,MEDIUM RISK
18815,0,0,0.15472683347441357,84921.16,CASH_IN,CORRECT,LOW RISK
16743,0,0,0.06086969165460852,5426.54,PAYMENT,CORRECT,LOW RISK
16365,0,0,0.007508324431367845,1900.12,PAYMENT,CORRECT,LOW RISK
10998,1,0,0.14789154509039817,43.0,PAYMENT,WRONG,LOW RISK
9940,0,0,0.03743105557678161,0.0,PAYMENT,CORRECT,LOW RISK
6612,0,0,0.4925840870880292,78165.0,CASH_OUT,CORRECT,MEDIUM RISK
11620,0,0,0.25376326689311385,36.0,PAYMENT,CORRECT,LOW RISK
6234,0,1,0.9216070737630906,1075.0,TRANSFER,WRONG,HIGH RISK
4101,0,1,0.6482618004441604,14765.0,CASH_IN,WRONG,MEDIUM RISK
8714,0,0,0.03743105557678161,0.0,PAYMENT,CORRECT,LOW RISK
12129,0,0,0.03743105557678161,0.0,PAYMENT,CORRECT,LOW RISK
17090,0,0,0.011879345494109317,4001.96,PAYMENT,CORRECT,LOW RISK
11153,0,0,0.10806365223551984,5801.0,PAYMENT,CORRECT,LOW RISK
20003,0,0,0.004249649103424598,89452.25,CASH_IN,CORRECT,LOW RISK
3180,0,0,0.484150722140591,799.0,CASH_IN,CORRECT,MEDIUM RISK
4227,0,1,0.5781302393854577,2516.0,CASH_OUT,WRONG,MEDIUM RISK
545,1,1,0.9453972751259277,21666.0,TRANSFER,CORRECT,HIGH RISK
16102,0,0,0.035770808060335585,12118.81,PAYMENT,CORRECT,LOW RISK
6964,0,1,0.5286642324732458,11669.0,CASH_OUT,WRONG,MEDIUM RISK
15467,0,0,0.027525908693196283,5371.25,PAYMENT,CORRECT,LOW RISK
7936,0,1,0.6353115867168365,906.0,CASH_IN,WRONG,MEDIUM RISK
14232,0,0,0.10550402511129095,4191.3,PAYMENT,CORRECT,LOW RISK
13599,0,0,0.1707389146015964,11949.38,PAYMENT,CORRECT,LOW RISK
11934,0,0,0.03743105557678161,0.0,PAYMENT,CORRECT,LOW RISK
11721,0,0,0.03743105557678161,0.0,PAYMENT,CORRECT,LOW RISK
7042,0,0,0.0,0.0,TRANSFER,CORRECT,LOW RISK
19455,0,0,0.0748230673497119,157105.85,CASH_IN,CORRECT,LOW RISK
5170,0,1,0.7178732114230612,799.0,CASH_OUT,WRONG,HIGH RISK
13210,0,0,0.09620661209823204,1240.7,PAYMENT,CORRECT,LOW RISK
1751,1,1,0.7215577507027087,5022.0,CASH_OUT,CORRECT,HIGH RISK
8198,0,1,0.5712837141725694,43277.0,CASH_OUT,WRONG,MEDIUM RISK
492,1,1,0.6316288395593798,11843.0,CASH_OUT,CORRECT,MEDIUM RISK
11439,0,0,0.1743739707877528,1297.0,PAYMENT,CORRECT,LOW RISK
14755,0,0,0.07326720304526589,8921.05,PAYMENT,CORRECT,LOW RISK
9691,0,0,0.06768752217320066,91.0,PAYMENT,CORRECT,LOW RISK
8527,0,0,0.012346003633969158,0.0,CASH_OUT,CORRECT,LOW RISK
8474,0,0,0.03743105557678161,0.0,PAYMENT,CORRECT,LOW RISK
1564,1,1,0.8557383584126387,2173.0,TRANSFER,CORRECT,HIGH RISK
18544,0,0,0.031383571616650036,479341.51,CASH_IN,CORRECT,LOW RISK
4129,0,0,0.4270592628544147,2733.0,CASH_IN,CORRECT,MEDIUM RISK
1461,1,1,0.8991403230671434,11998.0,TRANSFER,CORRECT,HIGH RISK
4416,0,1,0.7271378441413959,22875.0,CASH_OUT,WRONG,HIGH RISK
16138,0,0,0.08223380040090172,8404.41,PAYMENT,CORRECT,LOW RISK
9012,0,0,0.07637858093155338,15390.0,PAYMENT,CORRECT,LOW RISK
3539,0,1,0.708449774216523,9069.0,CASH_OUT,WRONG,HIGH RISK
14778,0,0,0.16189462375362818,16161.75,PAYMENT,CORRECT,LOW RISK
7266,0,0,0.4780389916564408,2778.0,CASH_IN,CORRECT,MEDIUM RISK
17013,0,0,0.09390051623773557,56975.38,CASH_OUT,CORRECT,LOW RISK
19102,0,0,0.08708885685372059,275798.18,CASH_IN,CORRECT,LOW RISK
7433,0,0,0.45989196079593725,88115.0,CASH_OUT,CORRECT,MEDIUM RISK
11846,0,0,0.03743105557678161,0.0,PAYMENT,CORRECT,LOW RISK
16513,0,0,0.004188713794341015,2399.3,PAYMENT,CORRECT,LOW RISK
16735,0,0,0.022369378267734615,3047.7,PAYMENT,CORRECT,LOW RISK
4339,0,1,0.80914768049874,226.0,CASH_OUT,WRONG,HIGH RISK
4683,0,0,0.28911465840747747,59769.0,CASH_OUT,CORRECT,LOW RISK
15634,0,0,0.029607255985353843,4159.17,PAYMENT,CORRECT,LOW RISK
5270,0,1,0.5614739220362942,12092.0,CASH_OUT,WRONG,MEDIUM RISK
9231,0,0,0.03743105557678161,0.0,PAYMENT,CORRECT,LOW RISK
10719,0,0,0.009814135565852524,0.0,CASH_IN,CORRECT,LOW RISK
16136,0,0,0.03185509859036756,9029.9,PAYMENT,CORRECT,LOW RISK
5578,0,1,0.6518423450245695,671.0,CASH_IN,WRONG,MEDIUM RISK
4293,0,1,0.60207101321257,14271.0,CASH_IN,WRONG,MEDIUM RISK
18540,0,0,0.017918567436288363,31147.96,CASH_IN,CORRECT,LOW RISK
12245,0,0,0.03743105557678161,0.0,PAYMENT,CORRECT,LOW RISK
6598,0,1,0.7434787307500449,172.0,CASH_OUT,WRONG,HIGH RISK
6815,0,1,0.5904362122567475,1904.0,CASH_IN,WRONG,MEDIUM RISK
11483,0,0,0.03743105557678161,0.0,PAYMENT,CORRECT,LOW RISK
15105,0,0,0.24987308132900085,17016.4,CASH_IN,CORRECT,LOW RISK
7043,0,0,0.012346003633969158,0.0,CASH_OUT,CORRECT,LOW RISK
18484,0,0,0.005162783355839571,201937.2,CASH_IN,CORRECT,LOW RISK
17002,0,0,0.0004056601820054488,11979.79,PAYMENT,CORRECT,LOW RISK
4243,0,1,0.5281599878332792,24267.0,CASH_OUT,WRONG,MEDIUM RISK
11612,0,0,0.03743105557678161,0.0,PAYMENT,CORRECT,LOW RISK
11570,0,0,0.0954405973614987,7760.0,PAYMENT,CORRECT,LOW RISK
16810,0,0,0.00772113867685,11787.74,PAYMENT,CORRECT,LOW RISK
7250,0,0,0.0,0.0,TRANSFER,CORRECT,LOW RISK
17255,0,0,0.0004056601820054488,13108.78,PAYMENT,CORRECT,LOW RISK
8006,0,0,0.14962886332804093,1857.0,PAYMENT,CORRECT,LOW RISK
17225,0,0,0.004123719406251243,11168.08,PAYMENT,CORRECT,LOW RISK
11637,0,0,0.08832181595202653,79.0,PAYMENT,CORRECT,LOW RISK
12045,0,0,0.16410865142051823,635.0,PAYMENT,CORRECT,LOW RISK
17382,0,0,0.016329782222856658,8621.74,PAYMENT,CORRECT,LOW RISK
11955,0,0,0.03743105557678161,0.0,PAYMENT,CORRECT,LOW RISK
8494,0,0,0.012346003633969158,0.0,CASH_OUT,CORRECT,LOW RISK
3944,0,1,0.7497707372265121,10325.0,CASH_OUT,WRONG,HIGH RISK
7475,0,0,0.012346003633969158,0.0,CASH_OUT,CORRECT,LOW RISK
2388,1,1,0.6233287353805135,423.0,CASH_OUT,CORRECT,MEDIUM RISK
15257,0,0,0.021316129227273918,10882.82,PAYMENT,CORRECT,LOW RISK
12570,1,1,0.7752718842951714,8677.0,TRANSFER,CORRECT,HIGH RISK
17476,0,0,0.022183127409510645,9721.78,PAYMENT,CORRECT,LOW RISK
8515,0,0,0.26904871753727305,11286.0,PAYMENT,CORRECT,LOW RISK
18707,0,0,0.016979489442966723,38635.67,CASH_IN,CORRECT,LOW RISK
1214,1,0,0.47393427553160605,29378.0,CASH_OUT,WRONG,MEDIUM RISK
16002,0,0,0.14215013542076152,29468.27,CASH_IN,CORRECT,LOW RISK
1508,1,1,0.5444289192865858,49196.0,CASH_OUT,CORRECT,MEDIUM RISK
10060,0,0,0.03743105557678161,0.0,PAYMENT,CORRECT,LOW RISK
17646,0,0,0.026662276822502363,90179.19,CASH_IN,CORRECT,LOW RISK
1239,1,1,0.5057715088591739,7009.0,CASH_IN,CORRECT,MEDIUM RISK
13306,0,0,0.09694530787752621,5954.38,PAYMENT,CORRECT,LOW RISK
19318,0,0,0.014741462824416714,189088.18,CASH_IN,CORRECT,LOW RISK
7604,0,0,0.012346003633969158,0.0,CASH_OUT,CORRECT,LOW RISK
10395,0,0,0.1109500453744133,162292.0,CASH_IN,CORRECT,LOW RISK
12082,0,0,0.03743105557678161,0.0,PAYMENT,CORRECT,LOW RISK
11440,0,0,0.03743105557678161,0.0,PAYMENT,CORRECT,LOW RISK
1305,1,1,0.8915145956207319,14983.0,TRANSFER,CORRECT,HIGH RISK
6446,0,1,0.5904711381995321,7721.0,CASH_OUT,WRONG,MEDIUM RISK
3044,1,1,0.7113082862429116,15311.0,CASH_OUT,CORRECT,HIGH RISK
14801,0,0,0.09712253399453194,3535.58,PAYMENT,CORRECT,LOW RISK
12932,0,0,0.08380570631601826,10077.99,PAYMENT,CORRECT,LOW RISK
7371,0,0,0.469867613128947,16907.0,CASH_IN,CORRECT,MEDIUM RISK
13140,0,0,0.07848920158356501,4397.43,PAYMENT,CORRECT,LOW RISK
18808,0,0,0.015602338287959976,45764.04,CASH_IN,CORRECT,LOW RISK
821,1,1,0.9613831231793245,20306.0,TRANSFER,CORRECT,HIGH RISK
13538,0,0,0.11041695587255841,3995.8,PAYMENT,CORRECT,LOW RISK
18769,0,0,0.02301467472199585,27890.25,CASH_IN,CORRECT,LOW RISK
3883,0,0,0.45142237945168195,81.0,CASH_IN,CORRECT,MEDIUM RISK
7459,0,0,0.012346003633969158,0.0,CASH_OUT,CORRECT,LOW RISK
12633,0,0,0.15133163964913568,7506.25,PAYMENT,CORRECT,LOW RISK
19934,0,0,0.0,201101.68,CASH_IN,CORRECT,LOW RISK
674,1,0,0.38505851749600856,18608.0,CASH_OUT,WRONG,MEDIUM RISK
8195,0,0,0.012346003633969158,0.0,CASH_OUT,CORRECT,LOW RISK
7788,0,1,0.6172058125394867,770.0,CASH_IN,WRONG,MEDIUM RISK
9735,0,0,0.03743105557678161,0.0,PAYMENT,CORRECT,LOW RISK
436,1,1,0.8247523837434187,55967.0,TRANSFER,CORRECT,HIGH RISK
16487,0,0,0.0029397995686129903,8635.83,PAYMENT,CORRECT,LOW RISK
1952,1,0,0.32995797123058973,21564.0,CASH_OUT,WRONG,MEDIUM RISK
4791,0,1,0.5048302985834753,25173.0,CASH_IN,WRONG,MEDIUM RISK
5542,0,1,0.7754003846042656,6769.0,CASH_OUT,WRONG,HIGH RISK
13130,0,0,0.1283674518056424,2306.35,PAYMENT,CORRECT,LOW RISK
12470,0,0,0.03743105557678161,0.0,PAYMENT,CORRECT,LOW RISK
13505,0,0,0.07215064108239871,7700.6,PAYMENT,CORRECT,LOW RISK
10850,0,1,0.5242245908102402,7041.0,CASH_OUT,WRONG,MEDIUM RISK
17653,0,0,0.020634261009358824,113226.59,CASH_OUT,CORRECT,LOW RISK
17705,0,0,0.0,209396.26,CASH_IN,CORRECT,LOW RISK
13473,0,0,0.09988984846889588,8754.23,PAYMENT,CORRECT,LOW RISK
12253,0,0,0.03743105557678161,0.0,PAYMENT,CORRECT,LOW RISK
16543,0,0,0.04293979956861299,8524.52,PAYMENT,CORRECT,LOW RISK
19807,0,0,0.0007183762933674295,26684.22,CASH_IN,CORRECT,LOW RISK
17620,0,0,0.07177872443827289,85587.06,CASH_OUT,CORRECT,LOW RISK
15665,0,0,0.15318840768388775,85633.55,CASH_OUT,CORRECT,LOW RISK
1940,1,1,0.7716689316194292,5770.0,CASH_OUT,CORRECT,HIGH RISK
15848,1,0,0.01056106101060444,5376.67,PAYMENT,WRONG,LOW RISK
10209,0,0,0.03743105557678161,0.0,PAYMENT,CORRECT,LOW RISK
10044,0,0,0.03743105557678161,0.0,PAYMENT,CORRECT,LOW RISK
9389,0,0,0.012346003633969158,0.0,CASH_OUT,CORRECT,LOW RISK
3109,1,1,0.7999720161248044,17387.0,CASH_OUT,CORRECT,HIGH RISK
17369,0,0,0.0026070863966092704,140785.05,CASH_IN,CORRECT,LOW RISK
8386,0,1,0.5679798298186252,9700.0,CASH_OUT,WRONG,MEDIUM RISK
4664,0,1,0.738258430568998,9012.0,CASH_OUT,WRONG,HIGH RISK
11807,0,0,0.14983523968278037,6351.0,PAYMENT,CORRECT,LOW RISK
11888,0,0,0.03743105557678161,0.0,PAYMENT,CORRECT,LOW RISK
4756,0,1,0.8074706770216749,6860.0,CASH_OUT,WRONG,HIGH RISK
1731,1,1,0.7740583099747426,9310.0,CASH_OUT,CORRECT,HIGH RISK
15749,0,0,0.014815847989912248,3990.53,PAYMENT,CORRECT,LOW RISK
13886,0,1,0.5883273456951317,31665.97,CASH_IN,WRONG,MEDIUM RISK
719,1,1,0.9489626009453641,3344.0,TRANSFER,CORRECT,HIGH RISK
12576,1,1,0.8661350697732899,120406.39,TRANSFER,CORRECT,HIGH RISK
8086,0,0,0.03743105557678161,0.0,PAYMENT,CORRECT,LOW RISK
10400,0,0,0.03743105557678161,0.0,PAYMENT,CORRECT,LOW RISK
16799,0,0,0.02050819003944743,5425.93,PAYMENT,CORRECT,LOW RISK
13117,0,0,0.09321006191004319,5195.89,PAYMENT,CORRECT,LOW RISK
2049,1,1,0.7604100919162298,144.0,CASH_OUT,CORRECT,HIGH RISK
11387,0,0,0.12872870006842219,1972.0,PAYMENT,CORRECT,LOW RISK
2833,1,1,0.5890085331546949,15346.0,CASH_IN,CORRECT,MEDIUM RISK
13746,0,0,0.13346670880946798,6837.84,PAYMENT,CORRECT,LOW RISK
15486,0,0,0.028967768184595656,5188.89,PAYMENT,CORRECT,LOW RISK
5477,0,1,0.7291278566546552,16173.0,CASH_OUT,WRONG,HIGH RISK
13948,0,0,0.15627774906596512,11688.28,PAYMENT,CORRECT,LOW RISK
6101,0,1,0.6822138275600642,20422.0,CASH_OUT,WRONG,MEDIUM RISK
15432,0,0,0.09888361063999888,4502.7,PAYMENT,CORRECT,LOW RISK
7717,0,0,0.06926079674368539,116779.0,CASH_IN,CORRECT,LOW RISK
17392,0,0,0.0004056601820054488,20327.4,PAYMENT,CORRECT,LOW RISK
13082,0,0,0.15085309655671372,10965.99,PAYMENT,CORRECT,LOW RISK
11383,0,1,0.6169982781196225,164.0,CASH_OUT,WRONG,MEDIUM RISK
5591,0,1,0.6451499914056095,332.0,CASH_OUT,WRONG,MEDIUM RISK
19367,0,0,0.054527176877179714,84914.83,CASH_IN,CORRECT,LOW RISK
2669,1,1,0.8938633665724484,11645.0,TRANSFER,CORRECT,HIGH RISK
13529,0,0,0.15599603982570565,15940.22,PAYMENT,CORRECT,LOW RISK
17143,0,0,0.0004056601820054488,10671.07,PAYMENT,CORRECT,LOW RISK
19641,0,0,0.0,38566.75,CASH_IN,CORRECT,LOW RISK
15018,0,0,0.13677084634012032,35944.57,CASH_IN,CORRECT,LOW RISK
14142,0,1,0.7437043730584156,16294.7,CASH_OUT,WRONG,HIGH RISK
12330,0,0,0.03743105557678161,0.0,PAYMENT,CORRECT,LOW RISK
7861,0,1,0.6296006831569079,2594.0,CASH_OUT,WRONG,MEDIUM RISK
1414,1,1,0.6576983743469738,2439.0,CASH_OUT,CORRECT,MEDIUM RISK
17156,0,0,0.0004056601820054488,17336.55,PAYMENT,CORRECT,LOW RISK
5072,0,0,0.1600217229182795,32868.0,CASH_OUT,CORRECT,LOW RISK
353,1,1,0.9254916135764695,20756.0,TRANSFER,CORRECT,HIGH RISK
5423,0,1,0.5247233576499399,19467.0,CASH_OUT,WRONG,MEDIUM RISK
13826,0,0,0.06866904260973777,1412.55,PAYMENT,CORRECT,LOW RISK
4845,0,1,0.6374132879082919,3258.0,CASH_OUT,WRONG,MEDIUM RISK
8656,0,0,0.012346003633969158,0.0,CASH_OUT,CORRECT,LOW RISK
10935,0,0,0.10905170344868086,99.0,PAYMENT,CORRECT,LOW RISK
5402,0,1,0.7514223075509426,23392.0,CASH_OUT,WRONG,HIGH RISK
12494,0,0,0.23659857501831907,10655.0,CASH_OUT,CORRECT,LOW RISK
19001,0,0,0.01492220835387443,50558.21,CASH_IN,CORRECT,LOW RISK
4497,0,1,0.5155037438564094,478.0,CASH_IN,WRONG,MEDIUM RISK
14619,0,0,0.30053327955429276,2400.99,DEBIT,CORRECT,MEDIUM RISK
313,1,1,0.9438550898258256,11098.0,TRANSFER,CORRECT,HIGH RISK
7981,0,0,0.012346003633969158,0.0,CASH_OUT,CORRECT,LOW RISK
8551,0,0,0.08192767120172967,11507.0,PAYMENT,CORRECT,LOW RISK
9485,0,0,0.03743105557678161,0.0,PAYMENT,CORRECT,LOW RISK
18932,0,0,0.028198550192155777,22825.42,CASH_IN,CORRECT,LOW RISK
10111,0,0,0.03743105557678161,0.0,PAYMENT,CORRECT,LOW RISK
10106,0,0,0.03743105557678161,0.0,PAYMENT,CORRECT,LOW RISK
4180,0,1,0.9264700684553832,23579.0,TRANSFER,WRONG,HIGH RISK
4235,0,1,0.7182639797175446,12151.0,CASH_OUT,WRONG,HIGH RISK
18888,0,0,0.09367399541314132,178935.93,CASH_IN,CORRECT,LOW RISK
8994,0,0,0.03743105557678161,0.0,PAYMENT,CORRECT,LOW RISK
984,1,1,0.8938019066365949,4974.0,TRANSFER,CORRECT,HIGH RISK
9915,0,0,0.03743105557678161,0.0,PAYMENT,CORRECT,LOW RISK
11673,0,0,0.012346003633969158,0.0,CASH_OUT,CORRECT,LOW RISK
15400,0,0,0.027033740532824688,204493.64,CASH_OUT,CORRECT,LOW RISK
15418,0,0,0.03386096225632271,1405.29,PAYMENT,CORRECT,LOW RISK
16491,0,0,0.004188713794341015,2202.87,PAYMENT,CORRECT,LOW RISK
6920,0,0,0.012346003633969158,0.0,CASH_OUT,CORRECT,LOW RISK
2558,1,0,0.13536585181141614,71825.0,CASH_OUT,WRONG,LOW RISK
525,1,1,0.5394880976626145,7814.0,CASH_OUT,CORRECT,MEDIUM RISK
8550,0,1,0.6071592772463474,13262.0,CASH_OUT,WRONG,MEDIUM RISK
17373,0,0,0.01344215470908882,3609.87,PAYMENT,CORRECT,LOW RISK
9189,0,1,0.5713451261603827,14902.0,CASH_IN,WRONG,MEDIUM RISK
12281,0,0,0.03743105557678161,0.0,PAYMENT,CORRECT,LOW RISK
5901,0,1,0.7212983982211325,8534.0,CASH_OUT,WRONG,HIGH RISK
19738,0,0,0.0029193231738444767,137034.49,CASH_IN,CORRECT,LOW RISK
15272,0,0,0.011184852234894722,8987.6,PAYMENT,CORRECT,LOW RISK
6603,0,1,0.5125155918148186,24391.0,CASH_OUT,WRONG,MEDIUM RISK
19166,0,0,0.012341545903660926,116994.68,CASH_IN,CORRECT,LOW RISK
11768,0,0,0.22952309469561574,9865.0,PAYMENT,CORRECT,LOW RISK
8505,0,0,0.012346003633969158,0.0,CASH_OUT,CORRECT,LOW RISK
5458,0,1,0.6623981356405311,17368.0,CASH_OUT,WRONG,MEDIUM RISK
4718,0,1,0.7209148011301758,5620.0,CASH_OUT,WRONG,HIGH RISK
13452,0,0,0.08899193046346271,8931.3,PAYMENT,CORRECT,LOW RISK
13080,0,1,0.6031303175777781,4456.27,CASH_OUT,WRONG,MEDIUM RISK
1310,1,1,0.9020237244688536,25212.0,TRANSFER,CORRECT,HIGH RISK
3278,0,1,0.9100543524136931,37500.0,TRANSFER,WRONG,HIGH RISK
7035,0,0,0.012346003633969158,0.0,CASH_OUT,CORRECT,LOW RISK
6477,0,1,0.6740279747419636,1747.0,CASH_OUT,WRONG,MEDIUM RISK
18064,0,0,0.0,162140.28,CASH_IN,CORRECT,LOW RISK
3908,0,0,0.43346865048254907,245.0,CASH_IN,CORRECT,MEDIUM RISK
11522,0,1,0.573163963706652,2895.0,CASH_OUT,WRONG,MEDIUM RISK
7813,0,0,0.012346003633969158,0.0,CASH_OUT,CORRECT,LOW RISK
15873,0,0,0.011875147908969739,4020.4,PAYMENT,CORRECT,LOW RISK
19467,0,0,0.06762598110330298,51027.11,CASH_IN,CORRECT,LOW RISK
4168,0,1,0.7011284958372371,12988.0,CASH_OUT,WRONG,HIGH RISK
9592,0,0,0.012346003633969158,0.0,CASH_OUT,CORRECT,LOW RISK
5530,0,1,0.7511011940823031,19266.0,CASH_OUT,WRONG,HIGH RISK
10769,0,1,0.5175501243072979,29.0,CASH_OUT,WRONG,MEDIUM RISK
19661,0,0,0.0007183762933674295,15563.88,CASH_IN,CORRECT,LOW RISK
3889,0,0,0.3811920191958905,89.0,CASH_IN,CORRECT,MEDIUM RISK
250,1,1,0.9285703070270657,12492.0,TRANSFER,CORRECT,HIGH RISK
19409,0,0,0.038602325598745754,170512.27,CASH_IN,CORRECT,LOW RISK
347,1,1,0.6984014367073825,12447.0,CASH_OUT,CORRECT,MEDIUM RISK
6830,0,1,0.9561372379872108,17257.0,TRANSFER,WRONG,HIGH RISK
5704,0,1,0.7722521822391539,15680.0,CASH_OUT,WRONG,HIGH RISK
18234,0,0,0.07555884711342344,6264.78,CASH_IN,CORRECT,LOW RISK
11418,0,0,0.03743105557678161,0.0,PAYMENT,CORRECT,LOW RISK
3125,1,1,0.5781066577113669,8501.0,CASH_OUT,CORRECT,MEDIUM RISK
15979,0,0,0.0378487562105012,15362.42,PAYMENT,CORRECT,LOW RISK
20033,0,0,0.004968025396792028,103264.46,CASH_IN,CORRECT,LOW RISK
6888,0,0,0.012346003633969158,0.0,CASH_OUT,CORRECT,LOW RISK
18941,0,0,0.09851809272438405,103453.27,CASH_IN,CORRECT,LOW RISK
2682,1,1,0.5436430340265654,8480.0,CASH_OUT,CORRECT,MEDIUM RISK
16809,0,0,0.04223408681574956,10573.94,CASH_IN,CORRECT,LOW RISK
2415,1,1,0.5659140580762704,10630.0,CASH_IN,CORRECT,MEDIUM RISK
13029,0,0,0.09310320332193793,4924.33,PAYMENT,CORRECT,LOW RISK
5973,0,1,0.9446409717803326,14715.0,TRANSFER,WRONG,HIGH RISK
7129,0,0,0.49573858770977325,5972.0,CASH_OUT,CORRECT,MEDIUM RISK
13873,0,0,0.14652637747606467,4099.02,PAYMENT,CORRECT,LOW RISK
12529,0,0,0.03743105557678161,0.0,PAYMENT,CORRECT,LOW RISK
2789,1,1,0.5990198526528827,14920.0,CASH_OUT,CORRECT,MEDIUM RISK
9142,0,0,0.03743105557678161,0.0,PAYMENT,CORRECT,LOW RISK
9892,0,0,0.03743105557678161,0.0,PAYMENT,CORRECT,LOW RISK
8875,0,0,0.012346003633969158,0.0,CASH_OUT,CORRECT,LOW RISK
16670,0,0,0.005685252322738746,179781.53,CASH_IN,CORRECT,LOW RISK
11848,0,0,0.03743105557678161,0.0,PAYMENT,CORRECT,LOW RISK
17206,0,0,0.011879345494109317,4910.24,PAYMENT,CORRECT,LOW RISK
1533,1,1,0.7111045514029523,21003.0,CASH_OUT,CORRECT,HIGH RISK
17128,0,0,0.002522448671690347,24225.29,PAYMENT,CORRECT,LOW RISK
13721,0,0,0.28981713144997967,27188.78,PAYMENT,CORRECT,LOW RISK
14549,0,0,0.23642502291151132,178.76,PAYMENT,CORRECT,LOW RISK
11705,0,0,0.03743105557678161,0.0,PAYMENT,CORRECT,LOW RISK
5989,0,1,0.9482870657311325,946.0,TRANSFER,WRONG,HIGH RISK
3557,0,1,0.6759657799299158,11805.0,CASH_OUT,WRONG,MEDIUM RISK
10936,0,0,0.1646819947532228,985.0,PAYMENT,CORRECT,LOW RISK
14476,0,0,0.13671760283566506,8541.41,PAYMENT,CORRECT,LOW RISK
7934,0,1,0.7847418771020837,101671.0,TRANSFER,WRONG,HIGH RISK
13356,0,0,0.47210127420739245,66143.66,CASH_OUT,CORRECT,MEDIUM RISK
3231,0,1,0.6658558256360273,19536.0,CASH_IN,WRONG,MEDIUM RISK
6061,0,1,0.5728866119144127,6351.0,CASH_OUT,WRONG,MEDIUM RISK
7946,0,0,0.012346003633969158,0.0,CASH_OUT,CORRECT,LOW RISK
13874,0,0,0.31220270376703235,86127.39,CASH_OUT,CORRECT,MEDIUM RISK
9528,0,0,0.012346003633969158,0.0,CASH_OUT,CORRECT,LOW RISK
1510,1,1,0.8028370768481632,3273.0,TRANSFER,CORRECT,HIGH RISK
1008,1,1,0.5396879126990151,7355.0,CASH_IN,CORRECT,MEDIUM RISK
9438,0,0,0.03743105557678161,0.0,PAYMENT,CORRECT,LOW RISK
529,1,1,0.9192791197425672,322.0,TRANSFER,CORRECT,HIGH RISK
15063,0,0,0.1230411453307846,20087.51,PAYMENT,CORRECT,LOW RISK
16001,0,0,0.13161957386379025,62395.16,CASH_OUT,CORRECT,LOW RISK
9998,0,0,0.03743105557678161,0.0,PAYMENT,CORRECT,LOW RISK
5136,0,1,0.5833430649210452,15123.0,CASH_OUT,WRONG,MEDIUM RISK
3650,0,1,0.5603256776824195,4891.0,CASH_IN,WRONG,MEDIUM RISK
3677,0,1,0.9156605537229996,22649.0,TRANSFER,WRONG,HIGH RISK
7857,0,1,0.6883924936162537,2401.0,CASH_OUT,WRONG,MEDIUM RISK
5564,0,1,0.6556961133827143,21373.0,CASH_OUT,WRONG,MEDIUM RISK
8482,0,1,0.7407636023485439,462.0,CASH_OUT,WRONG,HIGH RISK
3072,1,1,0.6041921053731223,43981.0,CASH_OUT,CORRECT,MEDIUM RISK
34,1,1,0.8964678768922408,7500.0,TRANSFER,CORRECT,HIGH RISK
17964,0,0,0.004493726194191385,241251.88,CASH_IN,CORRECT,LOW RISK
3234,0,1,0.7104080894696275,2931.0,CASH_OUT,WRONG,HIGH RISK
19743,0,0,0.007882378373398244,160992.5,CASH_IN,CORRECT,LOW RISK
10125,0,0,0.03743105557678161,0.0,PAYMENT,CORRECT,LOW RISK
3689,0,1,0.6307357765101042,182.0,CASH_OUT,WRONG,MEDIUM RISK
15385,0,0,0.031877591154085325,122256.56,CASH_OUT,CORRECT,LOW RISK
18904,0,0,0.008905331422665221,13457.21,CASH_IN,CORRECT,LOW RISK
836,1,1,0.57403379812996,5363.0,CASH_OUT,CORRECT,MEDIUM RISK
14880,0,0,0.01735690864598321,9691.89,PAYMENT,CORRECT,LOW RISK
5243,0,1,0.686253291992755,10121.0,CASH_OUT,WRONG,MEDIUM RISK
2854,1,1,0.6978703567606841,2723.0,CASH_OUT,CORRECT,MEDIUM RISK
15977,0,0,0.038199848331261894,1719.71,PAYMENT,CORRECT,LOW RISK
18597,0,0,0.011187877678809893,106959.66,CASH_IN,CORRECT,LOW RISK
16483,0,0,0.004188713794341015,2151.88,PAYMENT,CORRECT,LOW RISK
9201,0,0,0.03743105557678161,0.0,PAYMENT,CORRECT,LOW RISK
1708,1,1,0.6797961220871375,14280.0,CASH_OUT,CORRECT,MEDIUM RISK
16834,0,0,0.002047422959298713,149401.1,CASH_OUT,CORRECT,LOW RISK
7148,0,0,0.4925251245547813,8980.0,CASH_OUT,CORRECT,MEDIUM RISK
9087,0,0,0.03743105557678161,0.0,PAYMENT,CORRECT,LOW RISK
10556,0,0,0.03743105557678161,0.0,PAYMENT,CORRECT,LOW RISK
5841,0,1,0.6632488629502744,501.0,CASH_OUT,WRONG,MEDIUM RISK
7408,0,1,0.546452681376828,9995.0,CASH_OUT,WRONG,MEDIUM RISK
4723,0,1,0.7023445748606965,1784.0,CASH_OUT,WRONG,HIGH RISK
16294,0,0,0.002638119181667186,12489.3,PAYMENT,CORRECT,LOW RISK
13510,0,0,0.09552016996431575,6376.78,PAYMENT,CORRECT,LOW RISK
4257,0,1,0.6756208417359363,22727.0,CASH_OUT,WRONG,MEDIUM RISK
13175,0,1,0.6021439226693454,12689.16,CASH_OUT,WRONG,MEDIUM RISK
12257,0,0,0.03743105557678161,0.0,PAYMENT,CORRECT,LOW RISK
4049,0,1,0.6327478280969118,215.0,CASH_OUT,WRONG,MEDIUM RISK
19980,0,0,0.013258779491494885,318904.15,CASH_IN,CORRECT,LOW RISK
7478,0,1,0.5955529155617557,33231.0,CASH_IN,WRONG,MEDIUM RISK
4942,0,1,0.5973631934249619,354.0,CASH_OUT,WRONG,MEDIUM RISK
9748,0,0,0.03743105557678161,0.0,PAYMENT,CORRECT,LOW RISK
13937,0,0,0.13587685201955454,443.97,PAYMENT,CORRECT,LOW RISK
3008,1,1,0.6588270750689279,33.0,CASH_OUT,CORRECT,MEDIUM RISK
17306,0,0,0.0006888664509880693,247474.62,CASH_IN,CORRECT,LOW RISK
14676,0,0,0.0587826930591872,512136.64,CASH_IN,CORRECT,LOW RISK
7138,0,0,0.012346003633969158,0.0,CASH_OUT,CORRECT,LOW RISK
6734,0,0,0.42976523685510576,15362.0,CASH_OUT,CORRECT,MEDIUM RISK
4595,0,0,0.2644838513434687,37767.0,CASH_OUT,CORRECT,LOW RISK
12261,0,0,0.03743105557678161,0.0,PAYMENT,CORRECT,LOW RISK
1474,1,1,0.6966209961514305,9983.0,CASH_OUT,CORRECT,MEDIUM RISK
8697,0,0,0.17482730528163526,58369.0,CASH_OUT,CORRECT,LOW RISK
7377,0,0,0.07226147802011725,84199.0,CASH_OUT,CORRECT,LOW RISK
13030,0,0,0.09316640603838307,10777.64,PAYMENT,CORRECT,LOW RISK
6001,0,0,0.47380864585720334,45371.0,CASH_OUT,CORRECT,MEDIUM RISK
6797,0,0,0.4569552095194481,28174.0,CASH_OUT,CORRECT,MEDIUM RISK
4499,0,1,0.6606553009912092,22535.0,CASH_OUT,WRONG,MEDIUM RISK
6770,0,1,0.6215463476070203,4711.0,CASH_OUT,WRONG,MEDIUM RISK
19753,0,0,0.0007183762933674295,25305.49,CASH_IN,CORRECT,LOW RISK
3558,0,0,0.42785178575076166,3812.0,CASH_IN,CORRECT,MEDIUM RISK
15184,0,0,0.2985869599892721,24966.8,CASH_OUT,CORRECT,LOW RISK
12279,0,0,0.03743105557678161,0.0,PAYMENT,CORRECT,LOW RISK
18145,0,0,0.0047158508794569965,274100.99,CASH_IN,CORRECT,LOW RISK
17343,0,0,0.05800753113020174,34832.02,CASH_IN,CORRECT,LOW RISK
11086,0,0,0.03743105557678161,0.0,PAYMENT,CORRECT,LOW RISK
3470,0,1,0.7229947119170487,23427.0,CASH_OUT,WRONG,HIGH RISK
7348,0,0,0.012346003633969158,0.0,CASH_OUT,CORRECT,LOW RISK
9097,0,0,0.03743105557678161,0.0,PAYMENT,CORRECT,LOW RISK
8440,0,0,0.03743105557678161,0.0,PAYMENT,CORRECT,LOW RISK
13755,0,0,0.053954442267375884,1618.76,PAYMENT,CORRECT,LOW RISK
18154,0,0,0.004526489585329715,112542.69,CASH_IN,CORRECT,LOW RISK
10900,0,0,0.03743105557678161,0.0,PAYMENT,CORRECT,LOW RISK
4929,0,0,0.3553219420034503,50359.0,CASH_OUT,CORRECT,MEDIUM RISK
15945,0,0,0.10244731295315823,45643.02,CASH_OUT,CORRECT,LOW RISK
3376,0,1,0.7414224330359102,8084.0,TRANSFER,WRONG,HIGH RISK
9397,0,0,0.012346003633969158,0.0,CASH_OUT,CORRECT,LOW RISK
10691,0,0,0.03743105557678161,0.0,PAYMENT,CORRECT,LOW RISK
6590,0,0,0.33497040241954834,1717.0,CASH_IN,CORRECT,MEDIUM RISK
1361,1,1,0.7068365618233348,1759.0,CASH_OUT,CORRECT,HIGH RISK
15893,0,0,0.037016746946644155,30384.41,PAYMENT,CORRECT,LOW RISK
8322,0,0,0.44729327218680676,3592.0,CASH_IN,CORRECT,MEDIUM RISK
10747,0,0,0.03743105557678161,0.0,PAYMENT,CORRECT,LOW RISK
11923,0,0,0.11353133907435334,5647.0,PAYMENT,CORRECT,LOW RISK
547,1,1,0.9477356308506976,10156.0,TRANSFER,CORRECT,HIGH RISK
19277,0,0,0.1532873581136757,5127.14,CASH_IN,CORRECT,LOW RISK
4093,0,1,0.6359959886546256,1497.0,CASH_OUT,WRONG,MEDIUM RISK
9228,0,0,0.03743105557678161,0.0,PAYMENT,CORRECT,LOW RISK
14510,0,0,0.4450646073606124,28671.26,CASH_OUT,CORRECT,MEDIUM RISK
2470,1,1,0.5857207082642257,10964.0,CASH_IN,CORRECT,MEDIUM RISK
10824,0,0,0.32380907774582873,3.0,PAYMENT,CORRECT,MEDIUM RISK
9307,0,1,0.8256105636940712,58552.0,TRANSFER,WRONG,HIGH RISK
6847,0,0,0.0,0.0,TRANSFER,CORRECT,LOW RISK
10046,0,0,0.15567385861642077,1718.0,PAYMENT,CORRECT,LOW RISK
8587,0,0,0.1326120398156012,1274.0,PAYMENT,CORRECT,LOW RISK
12607,0,0,0.24154279361611594,2141.55,PAYMENT,CORRECT,LOW RISK
11491,0,0,0.03743105557678161,0.0,PAYMENT,CORRECT,LOW RISK
3313,0,1,0.6438144171938383,6789.0,CASH_OUT,WRONG,MEDIUM RISK
703,1,1,0.8628330469710725,2383.0,TRANSFER,CORRECT,HIGH RISK
6589,0,1,0.639721475799173,21237.0,CASH_OUT,WRONG,MEDIUM RISK
9768,0,0,0.03743105557678161,0.0,PAYMENT,CORRECT,LOW RISK
15421,0,0,0.03592894066529961,116771.98,CASH_IN,CORRECT,LOW RISK
18061,0,0,0.0019333339237768896,134768.15,CASH_IN,CORRECT,LOW RISK
15304,0,0,0.025800856661279674,8056.32,PAYMENT,CORRECT,LOW RISK
11583,0,0,0.03743105557678161,0.0,PAYMENT,CORRECT,LOW RISK
8604,0,1,0.5199358366283398,8422.0,CASH_IN,WRONG,MEDIUM RISK
761,1,1,0.6561464756006268,19252.0,CASH_OUT,CORRECT,MEDIUM RISK
11013,0,1,0.6384975862833264,3374.0,CASH_OUT,WRONG,MEDIUM RISK
7346,0,0,0.356879036231574,29039.0,CASH_OUT,CORRECT,MEDIUM RISK
1851,1,1,0.6087237071644277,2368.0,CASH_OUT,CORRECT,MEDIUM RISK
8210,0,0,0.012346003633969158,0.0,CASH_OUT,CORRECT,LOW RISK
10669,0,0,0.03743105557678161,0.0,PAYMENT,CORRECT,LOW RISK
14144,0,0,0.17217572207932322,5607.37,PAYMENT,CORRECT,LOW RISK
3378,0,1,0.5324152132192685,1668.0,CASH_OUT,WRONG,MEDIUM RISK
19273,0,0,0.07557687935299097,300600.5,CASH_IN,CORRECT,LOW RISK
15653,0,1,0.8251900646510408,66275.63,TRANSFER,WRONG,HIGH RISK
10189,0,1,0.8839920910402564,12616.0,TRANSFER,WRONG,HIGH RISK
19465,0,0,0.12708737729727038,108676.68,CASH_IN,CORRECT,LOW RISK
9096,0,0,0.012346003633969158,0.0,CASH_OUT,CORRECT,LOW RISK
2973,1,1,0.8066126809321201,17259.0,CASH_OUT,CORRECT,HIGH RISK
6346,0,0,0.42599206071457696,101094.0,CASH_OUT,CORRECT,MEDIUM RISK
15100,0,0,0.032390997165023847,8169.59,PAYMENT,CORRECT,LOW RISK
17122,0,0,0.005307923789348526,478393.03,CASH_IN,CORRECT,LOW RISK
3438,0,1,0.6408507782481717,5016.0,CASH_OUT,WRONG,MEDIUM RISK
19894,0,0,0.0007183762933674295,39103.54,CASH_IN,CORRECT,LOW RISK
18799,0,0,0.03875874910464473,99537.89,CASH_IN,CORRECT,LOW RISK
7490,0,0,0.45518649680470985,105061.0,CASH_OUT,CORRECT,MEDIUM RISK
11997,0,0,0.03743105557678161,0.0,PAYMENT,CORRECT,LOW RISK
18683,0,0,0.0,298453.23,CASH_IN,CORRECT,LOW RISK
18899,0,0,0.17575375996510872,78618.77,CASH_IN,CORRECT,LOW RISK
18056,0,0,0.03343566639770013,17478.92,PAYMENT,CORRECT,LOW RISK
14543,0,0,0.14757435821643936,2753.08,PAYMENT,CORRECT,LOW RISK
17629,0,0,0.08050817211820888,35235.88,CASH_IN,CORRECT,LOW RISK
19500,0,0,0.0858954911802177,78913.37,CASH_IN,CORRECT,LOW RISK
8028,0,0,0.012346003633969158,0.0,CASH_OUT,CORRECT,LOW RISK
16041,0,0,0.04998552692030376,16639.96,PAYMENT,CORRECT,LOW RISK
15588,0,1,0.8161939757775167,67629.11,TRANSFER,WRONG,HIGH RISK
2349,1,1,0.6494705533407807,16692.0,CASH_OUT,CORRECT,MEDIUM RISK
9289,0,0,0.012346003633969158,0.0,CASH_OUT,CORRECT,LOW RISK
8541,0,0,0.39130308474212133,1590.0,CASH_IN,CORRECT,MEDIUM RISK
9913,0,0,0.012346003633969158,0.0,CASH_OUT,CORRECT,LOW RISK
10000,0,0,0.03743105557678161,0.0,PAYMENT,CORRECT,LOW RISK
6244,0,1,0.9478924573750779,19403.0,TRANSFER,WRONG,HIGH RISK
3214,0,1,0.7341222038774902,359.0,CASH_OUT,WRONG,HIGH RISK
3687,0,1,0.6620577440811851,23165.0,CASH_OUT,WRONG,MEDIUM RISK
8959,0,0,0.4647475106964593,7586.0,CASH_IN,CORRECT,MEDIUM RISK
10513,0,0,0.03743105557678161,0.0,PAYMENT,CORRECT,LOW RISK
564,1,1,0.9061257398014027,4850.0,TRANSFER,CORRECT,HIGH RISK
5095,0,1,0.7487493340901582,16529.0,CASH_OUT,WRONG,HIGH RISK
18836,0,0,0.04197798739941937,120034.24,CASH_IN,CORRECT,LOW RISK
9260,0,1,0.5696120166403322,1462.0,CASH_OUT,WRONG,MEDIUM RISK
9218,0,0,0.03743105557678161,0.0,PAYMENT,CORRECT,LOW RISK
3110,1,0,0.46250750125435447,27471.0,CASH_IN,WRONG,MEDIUM RISK
10410,0,0,0.03743105557678161,0.0,PAYMENT,CORRECT,LOW RISK
18208,0,0,0.10652389232072064,47447.27,CASH_IN,CORRECT,LOW RISK
11177,0,0,0.4378991952999007,78763.0,CASH_IN,CORRECT,MEDIUM RISK
19569,0,0,0.003838689742291152,155323.9,CASH_IN,CORRECT,LOW RISK
3164,0,1,0.57750492340708,814.0,CASH_OUT,WRONG,MEDIUM RISK
13963,0,0,0.17176810840102275,9227.7,PAYMENT,CORRECT,LOW RISK
15833,0,0,0.009142741928013004,3836.83,PAYMENT,CORRECT,LOW RISK
2202,1,1,0.6433383847266362,3386.0,CASH_OUT,CORRECT,MEDIUM RISK
17461,0,0,0.01328000539887516,38167.64,PAYMENT,CORRECT,LOW RISK
15522,0,0,0.10672323804139414,4534.82,PAYMENT,CORRECT,LOW RISK
15776,0,0,0.0481698123055122,7108.76,PAYMENT,CORRECT,LOW RISK
7908,0,0,0.012346003633969158,0.0,CASH_OUT,CORRECT,LOW RISK
2909,1,1,0.9095187769188606,6915.0,TRANSFER,CORRECT,HIGH RISK
15327,0,0,0.03510504685385292,1737.68,PAYMENT,CORRECT,LOW RISK
17427,0,0,0.0026070863966092704,219162.97,CASH_IN,CORRECT,LOW RISK
1189,1,1,0.63753398936198,21998.0,CASH_OUT,CORRECT,MEDIUM RISK
18998,0,0,0.061444922769124014,125115.74,CASH_IN,CORRECT,LOW RISK
5263,0,1,0.514194112252187,19582.0,CASH_OUT,WRONG,MEDIUM RISK
12936,0,0,0.11435744034457664,3529.83,PAYMENT,CORRECT,LOW RISK
657,1,1,0.9236143874599496,74.0,TRANSFER,CORRECT,HIGH RISK
10730,0,0,0.012346003633969158,0.0,CASH_OUT,CORRECT,LOW RISK
7557,0,0,0.24268393973106697,62656.0,CASH_OUT,CORRECT,LOW RISK
17029,0,0,0.0013585565083106437,267716.65,CASH_IN,CORRECT,LOW RISK
4601,0,1,0.6867125402517539,18131.0,CASH_OUT,WRONG,MEDIUM RISK
9444,0,1,0.6472365883882654,11329.0,CASH_OUT,WRONG,MEDIUM RISK
19615,0,0,0.0350144790654439,385269.96,CASH_IN,CORRECT,LOW RISK
3613,0,1,0.6514277161588385,12088.0,CASH_OUT,WRONG,MEDIUM RISK
9013,0,0,0.1367118546029996,2150.0,PAYMENT,CORRECT,LOW RISK
1118,1,1,0.6428134768968411,995.0,CASH_OUT,CORRECT,MEDIUM RISK
4150,0,1,0.9086680472400346,17206.0,TRANSFER,WRONG,HIGH RISK
3538,0,1,0.6742178113674518,3585.0,CASH_OUT,WRONG,MEDIUM RISK
19577,0,0,0.0423004499954754,324752.72,CASH_IN,CORRECT,LOW RISK
18560,0,0,0.004549495763768464,231169.94,CASH_IN,CORRECT,LOW RISK
1842,1,1,0.7372467364390032,15986.0,CASH_OUT,CORRECT,HIGH RISK
16092,0,0,0.009025573982969026,166763.15,CASH_OUT,CORRECT,LOW RISK
8030,0,0,0.012346003633969158,0.0,CASH_OUT,CORRECT,LOW RISK
1366,1,1,0.6209502933959872,3993.0,CASH_OUT,CORRECT,MEDIUM RISK
17980,0,0,0.0,164674.54,CASH_IN,CORRECT,LOW RISK
12674,0,0,0.07950460712476354,10330.46,PAYMENT,CORRECT,LOW RISK
5408,0,1,0.5690924663510253,24021.0,CASH_IN,WRONG,MEDIUM RISK
11159,0,0,0.22044827587107652,20.0,PAYMENT,CORRECT,LOW RISK
2609,1,1,0.6963271217284799,9635.0,CASH_OUT,CORRECT,MEDIUM RISK
15476,0,0,0.01790055893068427,364.32,PAYMENT,CORRECT,LOW RISK
10398,0,0,0.07427901929742504,8374.0,PAYMENT,CORRECT,LOW RISK
11060,1,0,0.03743105557678161,0.0,PAYMENT,WRONG,LOW RISK
1407,1,1,0.7549497484436626,20187.0,CASH_OUT,CORRECT,HIGH RISK
3832,0,1,0.7682862894241587,19888.0,CASH_OUT,WRONG,HIGH RISK
10441,0,0,0.03743105557678161,0.0,PAYMENT,CORRECT,LOW RISK
15911,0,0,0.006418288977853126,215827.53,CASH_OUT,CORRECT,LOW RISK
5957,0,0,0.3635746556059625,28835.0,CASH_OUT,CORRECT,MEDIUM RISK
19710,0,0,0.00018425940726124248,116169.82,CASH_IN,CORRECT,LOW RISK
17426,0,0,0.0026070863966092704,179667.16,CASH_OUT,CORRECT,LOW RISK
5351,0,1,0.9340254392580357,5813.0,TRANSFER,WRONG,HIGH RISK
6422,0,1,0.6984862560641077,12887.0,CASH_OUT,WRONG,MEDIUM RISK
15551,0,0,0.06055140850516258,112870.59,CASH_OUT,CORRECT,LOW RISK
2525,1,1,0.530319430674829,15673.0,CASH_OUT,CORRECT,MEDIUM RISK
4349,0,0,0.49283202929574393,30975.0,CASH_OUT,CORRECT,MEDIUM RISK
580,1,0,0.3856666150330053,53804.0,CASH_OUT,WRONG,MEDIUM RISK
17367,0,0,0.010176424660266255,9829.94,PAYMENT,CORRECT,LOW RISK
11016,0,0,0.03743105557678161,0.0,PAYMENT,CORRECT,LOW RISK
10636,0,0,0.03743105557678161,0.0,PAYMENT,CORRECT,LOW RISK
11240,0,0,0.3161815478616304,85.0,PAYMENT,CORRECT,MEDIUM RISK
2935,1,1,0.7032384258315054,11146.0,CASH_OUT,CORRECT,HIGH RISK
14971,0,0,0.03521638207235894,246068.53,CASH_OUT,CORRECT,LOW RISK
6458,0,1,0.6545293933738318,11028.0,CASH_OUT,WRONG,MEDIUM RISK
5481,0,1,0.7197155387768788,22592.0,CASH_OUT,WRONG,HIGH RISK
15141,0,0,0.03710332059384852,196352.37,CASH_OUT,CORRECT,LOW RISK
14218,0,1,0.6068904618879535,386829.61,TRANSFER,WRONG,MEDIUM RISK
7933,0,0,0.4556267909849705,36866.0,CASH_OUT,CORRECT,MEDIUM RISK
7975,0,0,0.48453460873131005,217.0,CASH_IN,CORRECT,MEDIUM RISK
18129,0,0,0.008689391665180677,230725.6,CASH_IN,CORRECT,LOW RISK
16503,0,0,0.0031281623587115725,743.01,PAYMENT,CORRECT,LOW RISK
1342,1,1,0.9461031339073017,19099.0,TRANSFER,CORRECT,HIGH RISK
13429,0,0,0.12935029380843166,11696.13,PAYMENT,CORRECT,LOW RISK
4371,0,1,0.5580501447881008,73318.0,CASH_OUT,WRONG,MEDIUM RISK
16180,0,0,0.004627104543486874,221467.27,CASH_OUT,CORRECT,LOW RISK
14149,0,0,0.20135313711313882,73710.43,CASH_OUT,CORRECT,LOW RISK
5536,0,1,0.5211112844917699,73.0,CASH_OUT,WRONG,MEDIUM RISK
6542,0,1,0.6218286428261033,12856.0,CASH_OUT,WRONG,MEDIUM RISK
7643,0,1,0.6216425364578914,2610.0,CASH_OUT,WRONG,MEDIUM RISK
19878,0,0,0.017890721114806676,417002.52,CASH_IN,CORRECT,LOW RISK
5702,0,1,0.6937031998061157,17737.0,CASH_OUT,WRONG,MEDIUM RISK
14526,0,0,0.47128847616937963,26015.47,CASH_OUT,CORRECT,MEDIUM RISK
3106,1,1,0.8893397215852333,15.0,TRANSFER,CORRECT,HIGH RISK
16379,0,0,0.004533949653734953,4988.17,PAYMENT,CORRECT,LOW RISK
3716,0,1,0.7212978925415778,13278.0,CASH_OUT,WRONG,HIGH RISK
1574,1,1,0.6244503267969054,2522.0,CASH_OUT,CORRECT,MEDIUM RISK
14040,0,0,0.15796725401930467,5539.14,PAYMENT,CORRECT,LOW RISK
11756,0,0,0.03743105557678161,0.0,PAYMENT,CORRECT,LOW RISK
11776,0,0,0.03743105557678161,0.0,PAYMENT,CORRECT,LOW RISK
12021,0,0,0.14022617568341167,660.0,PAYMENT,CORRECT,LOW RISK
7779,0,0,0.47156837638997756,40191.0,CASH_IN,CORRECT,MEDIUM RISK
15861,0,0,0.008753410650201377,2059.63,PAYMENT,CORRECT,LOW RISK
5114,0,1,0.6838908713808093,12803.0,CASH_OUT,WRONG,MEDIUM RISK
3020,1,1,0.686621857688957,12545.0,CASH_OUT,CORRECT,MEDIUM RISK
8725,0,0,0.03743105557678161,0.0,PAYMENT,CORRECT,LOW RISK
4567,0,1,0.5772993581457105,992.0,CASH_OUT,WRONG,MEDIUM RISK
14963,0,0,0.13075680606712659,14062.59,PAYMENT,CORRECT,LOW RISK
9579,0,0,0.03743105557678161,0.0,PAYMENT,CORRECT,LOW RISK
3586,0,0,0.48343565141537587,1438.0,CASH_OUT,CORRECT,MEDIUM RISK
3828,0,1,0.5036333477916318,24463.0,CASH_OUT,WRONG,MEDIUM RISK
14774,0,0,0.1816736233918175,18619.9,PAYMENT,CORRECT,LOW RISK
1254,1,1,0.7062391925921924,13660.0,CASH_OUT,CORRECT,HIGH RISK
16804,0,0,0.1233629509201113,36769.49,PAYMENT,CORRECT,LOW RISK
3005,1,1,0.7389268793390269,20772.0,CASH_OUT,CORRECT,HIGH RISK
287,1,1,0.8684308582304205,5862.0,TRANSFER,CORRECT,HIGH RISK
8989,0,0,0.012346003633969158,0.0,CASH_OUT,CORRECT,LOW RISK
11642,0,0,0.03743105557678161,0.0,PAYMENT,CORRECT,LOW RISK
5987,0,1,0.6073963485438885,17172.0,CASH_IN,WRONG,MEDIUM RISK
11040,0,0,0.03743105557678161,0.0,PAYMENT,CORRECT,LOW RISK
7273,0,0,0.24667302840474087,16985.0,CASH_IN,CORRECT,LOW RISK
8762,0,0,0.03743105557678161,0.0,PAYMENT,CORRECT,LOW RISK
6895,0,0,0.012346003633969158,0.0,CASH_OUT,CORRECT,LOW RISK
14076,0,0,0.16373809743674772,4454.25,PAYMENT,CORRECT,LOW RISK
8990,0,0,0.4469331815005316,7309.0,CASH_IN,CORRECT,MEDIUM RISK
14282,0,0,0.4198455957270901,17241.8,CASH_OUT,CORRECT,MEDIUM RISK
66,1,1,0.9184279062879119,21496.0,TRANSFER,CORRECT,HIGH RISK
18497,0,0,0.04469017076317833,16508.49,CASH_IN,CORRECT,LOW RISK
10702,0,0,0.03743105557678161,0.0,PAYMENT,CORRECT,LOW RISK
17387,0,0,0.0026070863966092704,161442.5,CASH_IN,CORRECT,LOW RISK
8537,0,0,0.0,0.0,TRANSFER,CORRECT,LOW RISK
11893,0,0,0.13810133238392705,3758.0,PAYMENT,CORRECT,LOW RISK
9055,0,0,0.13448569607834762,76.0,PAYMENT,CORRECT,LOW RISK
1656,1,1,0.6683845368461384,12440.0,CASH_OUT,CORRECT,MEDIUM RISK
5655,0,0,0.1934041112980012,747.0,CASH_OUT,CORRECT,LOW RISK
16280,0,0,0.0006286138716258783,263867.55,CASH_IN,CORRECT,LOW RISK
7783,0,0,0.466861635210584,4361.0,CASH_IN,CORRECT,MEDIUM RISK
18109,0,0,0.013602052688653797,293650.82,CASH_IN,CORRECT,LOW RISK
4543,0,1,0.6059822031159584,13446.0,CASH_OUT,WRONG,MEDIUM RISK
7817,0,1,0.5905165645117086,32.0,CASH_OUT,WRONG,MEDIUM RISK
473,1,1,0.933827097324981,5839.0,TRANSFER,CORRECT,HIGH RISK
18128,0,0,0.0034392456148237193,159312.09,CASH_IN,CORRECT,LOW RISK
19734,0,0,0.04874655925561445,412193.14,CASH_IN,CORRECT,LOW RISK
13834,0,0,0.17517056902560948,10206.4,PAYMENT,CORRECT,LOW RISK
18013,0,0,0.08940922293836963,79812.53,CASH_IN,CORRECT,LOW RISK
17989,0,0,0.037664774317586615,3887.1,CASH_IN,CORRECT,LOW RISK
5912,0,0,0.47615676474483204,1458.0,CASH_OUT,CORRECT,MEDIUM RISK
17169,0,0,0.08465901983312202,81212.44,CASH_IN,CORRECT,LOW RISK
9077,0,0,0.03743105557678161,0.0,PAYMENT,CORRECT,LOW RISK
659,1,1,0.8061122952857186,108597.0,TRANSFER,CORRECT,HIGH RISK
14313,0,0,0.02767615372532089,318562.11,CASH_IN,CORRECT,LOW RISK
15366,0,0,0.007375259376673207,14082.98,PAYMENT,CORRECT,LOW RISK
8234,0,1,0.6851993538041845,11767.0,CASH_OUT,WRONG,MEDIUM RISK
2574,1,1,0.6859166638408358,15289.0,CASH_OUT,CORRECT,MEDIUM RISK
135,1,1,0.9646341085354573,9234.0,TRANSFER,CORRECT,HIGH RISK
2969,1,1,0.6718555681392441,12044.0,CASH_OUT,CORRECT,MEDIUM RISK
3530,0,1,0.6594429133433379,13334.0,CASH_OUT,WRONG,MEDIUM RISK
4431,0,1,0.6309652473493863,2489.0,CASH_OUT,WRONG,MEDIUM RISK
10928,0,0,0.03743105557678161,0.0,PAYMENT,CORRECT,LOW RISK
8141,0,1,0.6061132843825664,10488.0,CASH_IN,WRONG,MEDIUM RISK
14208,0,0,0.12639761079508469,22436.85,PAYMENT,CORRECT,LOW RISK
1616,1,0,0.4869870791916165,15.0,CASH_IN,WRONG,MEDIUM RISK
10892,0,0,0.03743105557678161,0.0,PAYMENT,CORRECT,LOW RISK
3751,0,1,0.7363552119984463,16350.0,CASH_OUT,WRONG,HIGH RISK
18314,0,0,0.06004410046821412,13007.09,CASH_IN,CORRECT,LOW RISK
2295,1,1,0.6967659481071387,1802.0,CASH_OUT,CORRECT,MEDIUM RISK
3498,0,1,0.6694100918647977,4094.0,CASH_OUT,WRONG,MEDIUM RISK
16655,0,0,0.001034274053631327,8869.24,PAYMENT,CORRECT,LOW RISK
2322,1,1,0.6861631247528911,4092.0,CASH_OUT,CORRECT,MEDIUM RISK
12297,0,0,0.03743105557678161,0.0,PAYMENT,CORRECT,LOW RISK
7335,0,0,0.012346003633969158,0.0,CASH_OUT,CORRECT,LOW RISK
219,1,0,0.3500466318762514,224046.0,TRANSFER,WRONG,MEDIUM RISK
6299,0,0,0.47500345338772626,1615.0,CASH_IN,CORRECT,MEDIUM RISK
15147,0,0,0.12176348924998556,16269.91,PAYMENT,CORRECT,LOW RISK
6529,0,1,0.8167773545687997,7047.0,CASH_OUT,WRONG,HIGH RISK
7004,0,1,0.5487726803782287,10286.0,CASH_IN,WRONG,MEDIUM RISK
1875,1,1,0.7331705379709785,7479.0,CASH_OUT,CORRECT,HIGH RISK
14266,0,0,0.14308257635700536,9739.47,PAYMENT,CORRECT,LOW RISK
2177,1,1,0.5197378186089844,7055.0,CASH_OUT,CORRECT,MEDIUM RISK
7627,0,0,0.445021022612028,29829.0,CASH_OUT,CORRECT,MEDIUM RISK
18196,0,0,0.018851682011393957,59200.16,CASH_IN,CORRECT,LOW RISK
10220,0,0,0.03743105557678161,0.0,PAYMENT,CORRECT,LOW RISK
17464,0,0,0.0026070863966092704,143408.83,CASH_IN,CORRECT,LOW RISK
14707,0,0,0.09622733341374452,10659.78,PAYMENT,CORRECT,LOW RISK
5734,0,1,0.7453247390298787,8942.0,CASH_OUT,WRONG,HIGH RISK
13173,0,0,0.27213958776381353,22723.16,PAYMENT,CORRECT,LOW RISK
1100,1,1,0.7054159551619229,19995.0,CASH_OUT,CORRECT,HIGH RISK
6821,0,0,0.012346003633969158,0.0,CASH_OUT,CORRECT,LOW RISK
20022,0,0,0.016496890129299214,53074.2,CASH_IN,CORRECT,LOW RISK
10296,0,0,0.03743105557678161,0.0,PAYMENT,CORRECT,LOW RISK
17640,0,0,0.09750459335664048,6604.54,PAYMENT,CORRECT,LOW RISK
3064,1,1,0.6622089137102033,1359.0,CASH_OUT,CORRECT,MEDIUM RISK
2591,1,1,0.8591185480004279,14.0,TRANSFER,CORRECT,HIGH RISK
19884,0,0,0.0007183762933674295,17657.71,CASH_IN,CORRECT,LOW RISK
7668,0,0,0.03743105557678161,0.0,PAYMENT,CORRECT,LOW RISK
9247,0,1,0.5174762983681778,35012.0,CASH_OUT,WRONG,MEDIUM RISK
13211,0,0,0.08466498181959853,539.2,PAYMENT,CORRECT,LOW RISK
19576,0,0,0.01482757850500691,170882.67,CASH_IN,CORRECT,LOW RISK
10806,0,0,0.03743105557678161,0.0,PAYMENT,CORRECT,LOW RISK
8227,0,1,0.6129372617443953,4831.0,CASH_IN,WRONG,MEDIUM RISK
205,1,1,0.9465510042679465,15475.0,TRANSFER,CORRECT,HIGH RISK
18294,0,0,0.033485638776935334,86520.35,CASH_IN,CORRECT,LOW RISK
13513,0,0,0.09019509144790096,7453.8,PAYMENT,CORRECT,LOW RISK
6711,0,0,0.0,0.0,TRANSFER,CORRECT,LOW RISK
13924,0,0,0.05563945508519714,2116.03,PAYMENT,CORRECT,LOW RISK
10966,0,0,0.03743105557678161,0.0,PAYMENT,CORRECT,LOW RISK
15810,0,0,0.12450038737826441,47515.87,PAYMENT,CORRECT,LOW RISK
14716,0,0,0.16719650183768742,19251.04,PAYMENT,CORRECT,LOW RISK
2247,1,0,0.45944026894881146,20547.0,CASH_IN,WRONG,MEDIUM RISK
8777,0,1,0.8140627902135239,38801.0,TRANSFER,WRONG,HIGH RISK
3038,1,0,0.23419481489334598,33129.0,CASH_OUT,WRONG,LOW RISK
15308,0,0,0.18848901942783527,4161.65,PAYMENT,CORRECT,LOW RISK
5411,0,1,0.7425234819241383,5957.0,CASH_OUT,WRONG,HIGH RISK
13101,0,0,0.09719357004484826,3400.59,PAYMENT,CORRECT,LOW RISK
4337,0,1,0.6383144916313477,3701.0,CASH_OUT,WRONG,MEDIUM RISK
9541,0,0,0.19134506232145804,1748.0,PAYMENT,CORRECT,LOW RISK
696,1,1,0.9154692349315232,20944.0,TRANSFER,CORRECT,HIGH RISK
12595,0,1,0.5056385447496692,326250.07,CASH_OUT,WRONG,MEDIUM RISK
4021,0,0,0.46151911734176165,41.0,CASH_IN,CORRECT,MEDIUM RISK
7114,0,0,0.21994561015290362,56092.0,CASH_IN,CORRECT,LOW RISK
7926,0,0,0.012346003633969158,0.0,CASH_OUT,CORRECT,LOW RISK
9509,0,1,0.6787928251108453,13142.0,CASH_OUT,WRONG,MEDIUM RISK
2542,1,1,0.7674609803590351,17218.0,CASH_OUT,CORRECT,HIGH RISK
19319,0,0,0.01794633292316084,183514.38,CASH_IN,CORRECT,LOW RISK
14501,0,0,0.15888251514277427,3870.8,PAYMENT,CORRECT,LOW RISK
4037,0,1,0.6904503067841183,20437.0,CASH_OUT,WRONG,MEDIUM RISK
15409,0,0,0.2979914639944648,5072.01,CASH_IN,CORRECT,LOW RISK
16943,0,0,0.04217722997599363,70545.78,CASH_OUT,CORRECT,LOW RISK
5153,0,1,0.6304965053491186,2180.0,CASH_OUT,WRONG,MEDIUM RISK
2546,1,1,0.6249051004144126,420.0,CASH_OUT,CORRECT,MEDIUM RISK
14054,0,0,0.12397179457002318,14930.5,PAYMENT,CORRECT,LOW RISK
11797,0,0,0.03743105557678161,0.0,PAYMENT,CORRECT,LOW RISK
7984,0,1,0.642506875725767,1146.0,CASH_OUT,WRONG,MEDIUM RISK
8288,0,1,0.521239658869792,43185.0,CASH_IN,WRONG,MEDIUM RISK
6660,0,0,0.17547464719618105,70395.0,CASH_OUT,CORRECT,LOW RISK
6685,0,1,0.9523210092770782,10806.0,TRANSFER,WRONG,HIGH RISK
1011,1,1,0.5389008417529183,48.0,CASH_OUT,CORRECT,MEDIUM RISK
5766,0,1,0.5774181265595358,2439.0,CASH_OUT,WRONG,MEDIUM RISK
3048,1,1,0.7048733705603867,3980.0,CASH_OUT,CORRECT,HIGH RISK
7880,0,0,0.012346003633969158,0.0,CASH_OUT,CORRECT,LOW RISK
12741,0,0,0.12177868735564985,12973.23,PAYMENT,CORRECT,LOW RISK
10707,0,0,0.03743105557678161,0.0,PAYMENT,CORRECT,LOW RISK
11309,0,0,0.4395135393888767,32821.0,CASH_OUT,CORRECT,MEDIUM RISK
4518,0,1,0.6757163335268135,13900.0,CASH_OUT,WRONG,MEDIUM RISK
1995,1,1,0.9269056372404418,6501.0,TRANSFER,CORRECT,HIGH RISK
7626,0,0,0.3671538725141131,68.0,CASH_IN,CORRECT,MEDIUM RISK
9607,0,0,0.03743105557678161,0.0,PAYMENT,CORRECT,LOW RISK
5988,0,0,0.02005080527598964,341391.0,CASH_OUT,CORRECT,LOW RISK
18461,0,0,0.006412778973947554,119152.24,CASH_IN,CORRECT,LOW RISK
9779,0,0,0.012346003633969158,0.0,CASH_OUT,CORRECT,LOW RISK
14665,0,0,0.42898302904811253,35023.34,CASH_OUT,CORRECT,MEDIUM RISK
6957,0,0,0.012346003633969158,0.0,CASH_OUT,CORRECT,LOW RISK
4583,0,1,0.7424383769977974,23858.0,CASH_OUT,WRONG,HIGH RISK
17637,0,0,0.10554887125834878,57318.3,CASH_OUT,CORRECT,LOW RISK
7184,0,0,0.48295586120134565,24419.0,CASH_OUT,CORRECT,MEDIUM RISK
7986,0,0,0.46381178515999144,48809.0,CASH_OUT,CORRECT,MEDIUM RISK
17718,0,0,0.2028474653660559,45723.71,CASH_OUT,CORRECT,LOW RISK
2476,1,1,0.7771071596923282,10180.0,CASH_OUT,CORRECT,HIGH RISK
17054,0,0,0.0004056601820054488,10400.45,PAYMENT,CORRECT,LOW RISK
13359,0,0,0.4653813588696733,89129.29,CASH_OUT,CORRECT,MEDIUM RISK
2824,1,0,0.3553894552145886,11218.0,CASH_IN,WRONG,MEDIUM RISK
19514,0,0,0.008763496696904773,140191.11,CASH_IN,CORRECT,LOW RISK
3200,0,1,0.6587527058609451,19783.0,CASH_OUT,WRONG,MEDIUM RISK
13671,0,0,0.16078594332472346,13293.65,PAYMENT,CORRECT,LOW RISK
7256,0,0,0.012346003633969158,0.0,CASH_OUT,CORRECT,LOW RISK
12698,0,0,0.37971966956472486,99025.91,CASH_OUT,CORRECT,MEDIUM RISK
7495,0,0,0.0,0.0,TRANSFER,CORRECT,LOW RISK
18326,0,0,0.01732167212766157,90725.4,CASH_IN,CORRECT,LOW RISK
14295,0,0,0.17057003391564277,6185.21,PAYMENT,CORRECT,LOW RISK
6560,0,1,0.5090750798426797,39622.0,CASH_OUT,WRONG,MEDIUM RISK
13371,0,0,0.12779062430402388,8832.13,PAYMENT,CORRECT,LOW RISK
337,1,1,0.5913549708640099,225783.0,TRANSFER,CORRECT,MEDIUM RISK
11063,0,0,0.03743105557678161,0.0,PAYMENT,CORRECT,LOW RISK
1594,1,1,0.6458955667786733,732.0,CASH_OUT,CORRECT,MEDIUM RISK
11465,0,0,0.03743105557678161,0.0,PAYMENT,CORRECT,LOW RISK
2530,1,0,0.481086983938606,61974.0,CASH_OUT,WRONG,MEDIUM RISK
996,1,1,0.7166812509168073,7141.0,CASH_OUT,CORRECT,HIGH RISK
10805,0,0,0.03743105557678161,0.0,PAYMENT,CORRECT,LOW RISK
17112,0,0,0.0051739082121427995,4849.94,PAYMENT,CORRECT,LOW RISK
12549,0,0,0.22878536287720191,357.0,PAYMENT,CORRECT,LOW RISK
11854,0,0,0.03743105557678161,0.0,PAYMENT,CORRECT,LOW RISK
17974,0,0,0.03504273006346013,1223.13,CASH_IN,CORRECT,LOW RISK
17366,0,0,0.0,339178.02,CASH_IN,CORRECT,LOW RISK
3951,0,1,0.5816576814598996,720.0,CASH_IN,WRONG,MEDIUM RISK
18602,0,0,0.05047670920745598,525927.38,CASH_IN,CORRECT,LOW RISK
17834,0,0,0.016510393211531957,26929.03,CASH_IN,CORRECT,LOW RISK
11577,0,0,0.03743105557678161,0.0,PAYMENT,CORRECT,LOW RISK
2890,1,1,0.7465796262772452,8522.0,CASH_OUT,CORRECT,HIGH RISK
19916,0,0,0.0013056681150222143,139774.18,CASH_IN,CORRECT,LOW RISK
20005,0,0,0.016496890129299214,52862.72,CASH_IN,CORRECT,LOW RISK
10543,0,0,0.03743105557678161,0.0,PAYMENT,CORRECT,LOW RISK
9248,0,0,0.03743105557678161,0.0,PAYMENT,CORRECT,LOW RISK
4264,0,1,0.6750950537125991,21412.0,CASH_OUT,WRONG,MEDIUM RISK
8046,0,0,0.012346003633969158,0.0,CASH_OUT,CORRECT,LOW RISK
17403,0,0,0.00793900295897493,392623.61,CASH_IN,CORRECT,LOW RISK
18731,0,0,0.017656383058371417,47984.7,CASH_IN,CORRECT,LOW RISK
3461,0,0,0.39196727211615245,92139.0,CASH_OUT,CORRECT,MEDIUM RISK
16755,0,0,0.01762012817406521,23697.03,PAYMENT,CORRECT,LOW RISK
11719,0,0,0.03743105557678161,0.0,PAYMENT,CORRECT,LOW RISK
15785,0,0,0.015878259454513946,3345.06,PAYMENT,CORRECT,LOW RISK
6664,0,1,0.7598972366060427,19094.0,CASH_OUT,WRONG,HIGH RISK
8462,0,0,0.45443076168178564,43047.0,CASH_OUT,CORRECT,MEDIUM RISK
18681,0,0,0.029319290920099612,93307.29,CASH_IN,CORRECT,LOW RISK
12748,0,0,0.07812538815517947,9285.18,PAYMENT,CORRECT,LOW RISK
10504,0,0,0.17463729629893382,9202.0,PAYMENT,CORRECT,LOW RISK
240,1,1,0.9551514126349637,21767.0,TRANSFER,CORRECT,HIGH RISK
744,1,1,0.5950808007035457,3462.0,CASH_OUT,CORRECT,MEDIUM RISK
10884,0,0,0.1478491733862484,3062.0,PAYMENT,CORRECT,LOW RISK
3946,0,1,0.5958422322857791,5538.0,CASH_OUT,WRONG,MEDIUM RISK
18016,0,0,0.06168830888422403,74196.69,CASH_IN,CORRECT,LOW RISK
4456,0,1,0.5038171659096669,584.0,CASH_IN,WRONG,MEDIUM RISK
2137,1,1,0.7625990136088029,226.0,CASH_OUT,CORRECT,HIGH RISK
2433,1,0,0.4645485747582612,92789.0,CASH_OUT,WRONG,MEDIUM RISK
11834,0,0,0.03743105557678161,0.0,PAYMENT,CORRECT,LOW RISK
12315,0,0,0.16158362215710415,505.0,PAYMENT,CORRECT,LOW RISK
14574,0,0,0.09004671263657343,9793.22,PAYMENT,CORRECT,LOW RISK
10872,0,0,0.03743105557678161,0.0,PAYMENT,CORRECT,LOW RISK
1917,1,1,0.614932564666207,18030.0,CASH_OUT,CORRECT,MEDIUM RISK
2070,1,1,0.6787730271921447,4126.0,CASH_OUT,CORRECT,MEDIUM RISK
6494,0,1,0.6676069685442839,2621.0,CASH_OUT,WRONG,MEDIUM RISK
4488,0,1,0.6767274775182298,12935.0,CASH_OUT,WRONG,MEDIUM RISK
4957,0,1,0.6394093624475201,4606.0,CASH_OUT,WRONG,MEDIUM RISK
14607,0,0,0.0934825025672274,3420.85,PAYMENT,CORRECT,LOW RISK
19068,0,0,0.0030758861445683307,330729.44,CASH_IN,CORRECT,LOW RISK
3032,1,1,0.7132542479533012,14930.0,CASH_OUT,CORRECT,HIGH RISK
5431,0,0,0.04850363927899453,200931.0,CASH_OUT,CORRECT,LOW RISK
9639,0,0,0.03743105557678161,0.0,PAYMENT,CORRECT,LOW RISK
12941,0,0,0.11133908067364028,19554.84,PAYMENT,CORRECT,LOW RISK
12957,0,0,0.25927205981736146,26374.29,PAYMENT,CORRECT,LOW RISK
328,1,1,0.8596163722697913,2791.0,TRANSFER,CORRECT,HIGH RISK
11552,0,0,0.03743105557678161,0.0,PAYMENT,CORRECT,LOW RISK
13672,0,0,0.1660901422544929,10010.14,PAYMENT,CORRECT,LOW RISK
4461,0,1,0.6707789404829245,1050.0,CASH_OUT,WRONG,MEDIUM RISK
1553,1,1,0.7399462336022115,16221.0,CASH_OUT,CORRECT,HIGH RISK
11536,0,0,0.03743105557678161,0.0,PAYMENT,CORRECT,LOW RISK
8065,0,1,0.692465747189653,510.0,CASH_OUT,WRONG,MEDIUM RISK
11322,0,0,0.03743105557678161,0.0,PAYMENT,CORRECT,LOW RISK
1978,1,0,0.3310779933264024,38647.0,CASH_OUT,WRONG,MEDIUM RISK
16768,0,0,0.03278781771270636,12460.62,PAYMENT,CORRECT,LOW RISK
3936,0,0,0.09632449814780529,35807.0,CASH_OUT,CORRECT,LOW RISK
7514,0,1,0.7030019152223765,537.0,CASH_OUT,WRONG,HIGH RISK
9975,0,0,0.10595492008296832,6291.0,PAYMENT,CORRECT,LOW RISK
3821,0,1,0.6269455841138736,13898.0,CASH_IN,WRONG,MEDIUM RISK
16016,0,0,0.11480739479558158,7657.17,PAYMENT,CORRECT,LOW RISK
10068,0,0,0.03743105557678161,0.0,PAYMENT,CORRECT,LOW RISK
13808,0,0,0.05903383604946863,2623.73,PAYMENT,CORRECT,LOW RISK
6893,0,0,0.44307619835449635,26791.0,CASH_OUT,CORRECT,MEDIUM RISK
8066,0,0,0.012346003633969158,0.0,CASH_OUT,CORRECT,LOW RISK
4573,0,1,0.93730512116765,4148.0,TRANSFER,WRONG,HIGH RISK
6934,0,1,0.5857207082642257,10957.0,CASH_IN,WRONG,MEDIUM RISK
4465,0,1,0.7653886843231429,9711.0,CASH_OUT,WRONG,HIGH RISK
2936,1,1,0.7461482885735197,1921.0,CASH_OUT,CORRECT,HIGH RISK
775,1,1,0.9198611754590337,14064.0,TRANSFER,CORRECT,HIGH RISK
11516,0,0,0.12236844582336565,186728.0,CASH_OUT,CORRECT,LOW RISK
10397,0,0,0.03743105557678161,0.0,PAYMENT,CORRECT,LOW RISK
16097,0,0,0.01771692556079884,1098.78,PAYMENT,CORRECT,LOW RISK
19761,0,0,0.00018425940726124248,117384.94,CASH_IN,CORRECT,LOW RISK
8017,0,0,0.03743105557678161,0.0,PAYMENT,CORRECT,LOW RISK
9985,0,0,0.12662894397209062,61.0,PAYMENT,CORRECT,LOW RISK
518,1,1,0.9289757536689598,439.0,TRANSFER,CORRECT,HIGH RISK
4396,0,1,0.698076499373437,15764.0,CASH_OUT,WRONG,MEDIUM RISK
19046,0,0,0.00927095041454887,126544.19,CASH_IN,CORRECT,LOW RISK
9930,0,0,0.12913366496904596,426.0,PAYMENT,CORRECT,LOW RISK
3750,0,1,0.6236452728319258,2878.0,CASH_OUT,WRONG,MEDIUM RISK
14640,0,0,0.13166121500370095,11286.97,PAYMENT,CORRECT,LOW RISK
19566,0,0,0.018945435594435664,121342.93,CASH_IN,CORRECT,LOW RISK
16345,0,0,0.018872579645357622,9699.7,PAYMENT,CORRECT,LOW RISK
6155,0,0,0.45294607614099486,85.0,CASH_IN,CORRECT,MEDIUM RISK
4068,0,1,0.6406487071606592,3151.0,CASH_OUT,WRONG,MEDIUM RISK
19845,0,0,0.05149136585092805,51201.62,CASH_IN,CORRECT,LOW RISK
9005,0,0,0.012346003633969158,0.0,CASH_OUT,CORRECT,LOW RISK
8057,0,0,0.034679987878572315,198186.0,CASH_OUT,CORRECT,LOW RISK
3365,0,1,0.9475653999294232,8537.0,TRANSFER,WRONG,HIGH RISK
1288,1,1,0.9316437641795936,3435.0,TRANSFER,CORRECT,HIGH RISK
9315,0,0,0.14902465788088026,13499.0,PAYMENT,CORRECT,LOW RISK
13778,0,0,0.25727832858810096,23409.0,PAYMENT,CORRECT,LOW RISK
9512,0,0,0.03743105557678161,0.0,PAYMENT,CORRECT,LOW RISK
469,1,1,0.9076771046460965,22591.0,TRANSFER,CORRECT,HIGH RISK
10737,0,0,0.012346003633969158,0.0,CASH_OUT,CORRECT,LOW RISK
15283,0,0,0.0488634700600291,6069.14,PAYMENT,CORRECT,LOW RISK
7842,0,1,0.6239520900430044,3603.0,CASH_OUT,WRONG,MEDIUM RISK
13966,0,0,0.34974263599485533,59608.78,CASH_OUT,CORRECT,MEDIUM RISK
11430,0,0,0.03743105557678161,0.0,PAYMENT,CORRECT,LOW RISK
7388,0,0,0.012346003633969158,0.0,CASH_OUT,CORRECT,LOW RISK
4927,0,1,0.5931174465676026,1277.0,CASH_OUT,WRONG,MEDIUM RISK
10227,1,0,0.34940768652308146,1990.0,PAYMENT,WRONG,MEDIUM RISK
3778,0,1,0.6093295604648667,42285.0,CASH_OUT,WRONG,MEDIUM RISK
19305,0,0,0.06526644705127344,373772.1,CASH_IN,CORRECT,LOW RISK
18175,0,0,0.0006132875920711073,204071.37,CASH_IN,CORRECT,LOW RISK
11406,0,0,0.15544340248539218,140.0,PAYMENT,CORRECT,LOW RISK
8175,0,0,0.03743105557678161,0.0,PAYMENT,CORRECT,LOW RISK
11663,0,0,0.16083159060859098,9634.0,PAYMENT,CORRECT,LOW RISK
6102,0,1,0.9340502833245107,24471.0,TRANSFER,WRONG,HIGH RISK
17368,0,0,0.07342692496915068,56228.47,CASH_OUT,CORRECT,LOW RISK
10826,0,0,0.03743105557678161,0.0,PAYMENT,CORRECT,LOW RISK
13245,0,0,0.07547206516310206,11840.66,PAYMENT,CORRECT,LOW RISK
345,1,1,0.8665720707652405,40647.0,TRANSFER,CORRECT,HIGH RISK
1132,1,1,0.5765630475010394,390.0,CASH_OUT,CORRECT,MEDIUM RISK
1946,1,1,0.6410380023652378,18853.0,CASH_OUT,CORRECT,MEDIUM RISK
19505,0,0,0.12407257592087395,2855.57,CASH_IN,CORRECT,LOW RISK
7458,0,0,0.012346003633969158,0.0,CASH_OUT,CORRECT,LOW RISK
13543,0,0,0.3177413377246615,91.57,PAYMENT,CORRECT,MEDIUM RISK
6412,0,0,0.4697773337198166,24841.0,CASH_OUT,CORRECT,MEDIUM RISK
15357,0,0,0.10810011992869217,2721.65,PAYMENT,CORRECT,LOW RISK
20021,0,0,0.02981283755449937,13233.33,CASH_IN,CORRECT,LOW RISK
7746,0,1,0.6858459947424841,1493.0,CASH_OUT,WRONG,MEDIUM RISK
19074,0,0,0.038120795053721734,84824.1,CASH_IN,CORRECT,LOW RISK
18694,0,0,0.026841906171176363,450444.74,CASH_IN,CORRECT,LOW RISK
5300,0,1,0.7696737842446683,17487.0,CASH_OUT,WRONG,HIGH RISK
9703,0,0,0.31189966621799803,8690.0,CASH_IN,CORRECT,MEDIUM RISK
11053,0,1,0.5836263828562391,1367.0,CASH_IN,WRONG,MEDIUM RISK
432,1,1,0.9294034801073053,14166.0,TRANSFER,CORRECT,HIGH RISK
18573,0,0,0.004549495763768464,219583.21,CASH_IN,CORRECT,LOW RISK
2341,1,1,0.7188503000860306,8719.0,CASH_OUT,CORRECT,HIGH RISK
6708,0,0,0.012346003633969158,0.0,CASH_OUT,CORRECT,LOW RISK
7193,0,0,0.4899664435307496,1100.0,CASH_IN,CORRECT,MEDIUM RISK
13794,0,0,0.2444372077534055,4307.57,DEBIT,CORRECT,LOW RISK
5523,0,1,0.7380443303981239,7183.0,CASH_OUT,WRONG,HIGH RISK
20018,0,0,0.0007901607375979956,136440.91,CASH_IN,CORRECT,LOW RISK
6914,0,0,0.45046461010798233,35.0,CASH_IN,CORRECT,MEDIUM RISK
2646,1,1,0.626163675803922,2634.0,CASH_OUT,CORRECT,MEDIUM RISK
5802,0,0,0.42537930737678786,35809.0,CASH_IN,CORRECT,MEDIUM RISK
5951,0,1,0.6892080293318475,12918.0,CASH_OUT,WRONG,MEDIUM RISK
902,1,0,0.38462625126505,51442.0,CASH_OUT,WRONG,MEDIUM RISK
14074,0,0,0.08342332250351359,2585.97,PAYMENT,CORRECT,LOW RISK
16353,0,0,0.051082440930924976,86273.88,CASH_IN,CORRECT,LOW RISK
14874,0,0,0.09313062583609666,2962.27,PAYMENT,CORRECT,LOW RISK
6306,0,1,0.7307996158769812,9433.0,CASH_OUT,WRONG,HIGH RISK
18041,0,0,0.0,171360.44,CASH_IN,CORRECT,LOW RISK
9301,0,0,0.03743105557678161,0.0,PAYMENT,CORRECT,LOW RISK
17182,0,0,0.04691332828397141,2477.52,CASH_IN,CORRECT,LOW RISK
11658,0,0,0.03743105557678161,0.0,PAYMENT,CORRECT,LOW RISK
7660,0,1,0.5340129652260526,3519.0,CASH_IN,WRONG,MEDIUM RISK
1609,1,1,0.5990067861590529,7589.0,CASH_IN,CORRECT,MEDIUM RISK
16087,0,0,0.011926122654188685,126703.96,CASH_OUT,CORRECT,LOW RISK
6596,0,1,0.8771328343355249,6662.0,TRANSFER,WRONG,HIGH RISK
6092,0,1,0.7750417036731753,238.0,CASH_OUT,WRONG,HIGH RISK
2438,1,1,0.5647396775103434,5385.0,CASH_OUT,CORRECT,MEDIUM RISK
6028,0,1,0.6091650623370315,21434.0,CASH_OUT,WRONG,MEDIUM RISK
2383,1,1,0.7001189362530957,22072.0,CASH_OUT,CORRECT,HIGH RISK
6948,0,1,0.5083829585528958,3383.0,CASH_OUT,WRONG,MEDIUM RISK
10599,0,0,0.03743105557678161,0.0,PAYMENT,CORRECT,LOW RISK
8461,0,0,0.012346003633969158,0.0,CASH_OUT,CORRECT,LOW RISK
7058,0,0,0.012346003633969158,0.0,CASH_OUT,CORRECT,LOW RISK
2900,1,0,0.469651181028005,3625.0,CASH_IN,WRONG,MEDIUM RISK
3829,0,1,0.744099887191494,9278.0,CASH_OUT,WRONG,HIGH RISK
7270,0,0,0.3926472681302626,8559.0,CASH_IN,CORRECT,MEDIUM RISK
4418,0,1,0.7306415463892519,8380.0,CASH_OUT,WRONG,HIGH RISK
8458,0,0,0.46303006867765056,19072.0,CASH_OUT,CORRECT,MEDIUM RISK
14667,0,0,0.14130794601013147,3309.36,PAYMENT,CORRECT,LOW RISK
11149,0,0,0.3725130076270272,32.0,CASH_IN,CORRECT,MEDIUM RISK
9035,0,0,0.03743105557678161,0.0,PAYMENT,CORRECT,LOW RISK
16475,0,0,0.0009628918007446332,14794.91,PAYMENT,CORRECT,LOW RISK
19370,0,0,0.03516039451215223,35740.42,CASH_IN,CORRECT,LOW RISK
13186,0,0,0.14058142237290974,2636.41,PAYMENT,CORRECT,LOW RISK
5707,0,1,0.9328031076892067,731.0,TRANSFER,WRONG,HIGH RISK
15083,0,0,0.13153270415923937,27559.6,PAYMENT,CORRECT,LOW RISK
2083,1,1,0.6569632356100437,21401.0,CASH_OUT,CORRECT,MEDIUM RISK
12761,0,0,0.10081026900352417,217837.3,CASH_OUT,CORRECT,LOW RISK
14399,0,0,0.1575311883674054,10988.26,PAYMENT,CORRECT,LOW RISK
6318,0,1,0.7639219078670562,16511.0,CASH_OUT,WRONG,HIGH RISK
13902,0,1,0.6710141291989455,38758.71,CASH_OUT,WRONG,MEDIUM RISK
15593,0,0,0.0303658056134878,1333.09,PAYMENT,CORRECT,LOW RISK
4719,0,1,0.5849446342012817,2107.0,CASH_OUT,WRONG,MEDIUM RISK
7110,0,0,0.012346003633969158,0.0,CASH_OUT,CORRECT,LOW RISK
18388,0,0,0.024002594360695118,86116.75,CASH_IN,CORRECT,LOW RISK
10047,0,0,0.03743105557678161,0.0,PAYMENT,CORRECT,LOW RISK
15686,0,0,0.007419142898105844,17407.07,PAYMENT,CORRECT,LOW RISK
12721,0,0,0.17685494228790102,1006.34,PAYMENT,CORRECT,LOW RISK
1014,1,1,0.7024575822946107,5245.0,CASH_OUT,CORRECT,HIGH RISK
18238,0,0,0.03551219676920471,74398.14,CASH_IN,CORRECT,LOW RISK
11618,0,0,0.13194926274184302,1365.0,PAYMENT,CORRECT,LOW RISK
1988,1,1,0.5193354021872745,7243.0,CASH_OUT,CORRECT,MEDIUM RISK
7188,0,0,0.4040893983464944,1299.0,CASH_IN,CORRECT,MEDIUM RISK
16157,0,0,0.028436810113565608,3998.69,PAYMENT,CORRECT,LOW RISK
2327,1,0,0.4385342066721568,59993.0,CASH_IN,WRONG,MEDIUM RISK
4487,0,1,0.6074548275231717,5995.0,CASH_OUT,WRONG,MEDIUM RISK
10388,0,0,0.03743105557678161,0.0,PAYMENT,CORRECT,LOW RISK
3913,0,1,0.7017146289904348,22573.0,CASH_OUT,WRONG,HIGH RISK
14835,0,0,0.05293415688272142,76.43,PAYMENT,CORRECT,LOW RISK
16771,0,0,0.049194477836466674,8494.69,PAYMENT,CORRECT,LOW RISK
17746,0,0,0.019476727034847888,1526.3,PAYMENT,CORRECT,LOW RISK
19048,0,0,0.025831647945362614,257548.84,CASH_IN,CORRECT,LOW RISK
9805,0,0,0.03743105557678161,0.0,PAYMENT,CORRECT,LOW RISK
18359,0,0,0.056694960039995274,45035.51,CASH_IN,CORRECT,LOW RISK
15169,0,0,0.1333036388826004,3963.98,PAYMENT,CORRECT,LOW RISK
9036,0,0,0.03743105557678161,0.0,PAYMENT,CORRECT,LOW RISK
18276,0,0,0.0,262680.55,CASH_IN,CORRECT,LOW RISK
1320,1,1,0.908238863347011,1139.0,TRANSFER,CORRECT,HIGH RISK
6617,0,1,0.9008310611372354,484.0,TRANSFER,WRONG,HIGH RISK
14701,0,0,0.4092045430631392,1306.64,DEBIT,CORRECT,MEDIUM RISK
6565,0,1,0.5850760057125498,87.0,CASH_OUT,WRONG,MEDIUM RISK
13146,0,0,0.16152740420394276,20207.23,PAYMENT,CORRECT,LOW RISK
13233,0,0,0.2647799502283188,35793.25,PAYMENT,CORRECT,LOW RISK
5264,0,1,0.5451139254388163,44869.0,CASH_OUT,WRONG,MEDIUM RISK
803,1,1,0.9186394331737869,5834.0,TRANSFER,CORRECT,HIGH RISK
9616,0,0,0.1096040706892126,100.0,PAYMENT,CORRECT,LOW RISK
16120,0,0,0.026287059485140603,10041.05,PAYMENT,CORRECT,LOW RISK
5930,0,1,0.5571249331622274,3063.0,CASH_OUT,WRONG,MEDIUM RISK
16093,0,0,0.09807196758427683,6117.28,CASH_OUT,CORRECT,LOW RISK
6755,0,0,0.19158054234978455,97998.0,CASH_OUT,CORRECT,LOW RISK
9929,0,0,0.03743105557678161,0.0,PAYMENT,CORRECT,LOW RISK
9599,0,0,0.012346003633969158,0.0,CASH_OUT,CORRECT,LOW RISK
16171,0,0,0.16262024030076563,12337.69,CASH_IN,CORRECT,LOW RISK
7203,0,0,0.012346003633969158,0.0,CASH_OUT,CORRECT,LOW RISK
11628,0,0,0.03743105557678161,0.0,PAYMENT,CORRECT,LOW RISK
4546,0,0,0.007363332911359848,128897.0,CASH_IN,CORRECT,LOW RISK
18876,0,0,0.028672549292130346,27637.25,PAYMENT,CORRECT,LOW RISK
10544,0,0,0.14089725946738774,51.0,PAYMENT,CORRECT,LOW RISK
19912,0,0,0.0007183762933674295,15756.26,CASH_IN,CORRECT,LOW RISK
2205,1,1,0.6322702335952719,1318.0,CASH_OUT,CORRECT,MEDIUM RISK
3621,0,0,0.39723017551675793,1309.0,CASH_IN,CORRECT,MEDIUM RISK
9211,0,0,0.11536210644157689,119090.0,CASH_OUT,CORRECT,LOW RISK
2754,1,0,0.3773146867362395,5598.0,CASH_IN,WRONG,MEDIUM RISK
12241,0,1,0.5819336130908758,37614.0,CASH_OUT,WRONG,MEDIUM RISK
5878,0,1,0.604712524435755,9126.0,CASH_OUT,WRONG,MEDIUM RISK
17322,0,0,0.004058681099333767,114923.78,CASH_IN,CORRECT,LOW RISK
6196,0,1,0.5944493395894299,8949.0,CASH_OUT,WRONG,MEDIUM RISK
6267,0,1,0.9396418339017957,16346.0,TRANSFER,WRONG,HIGH RISK
11499,0,0,0.09610879696221743,5194.0,PAYMENT,CORRECT,LOW RISK
4705,0,1,0.6243283712016146,45268.0,CASH_OUT,WRONG,MEDIUM RISK
8690,0,1,0.6310127926918287,19885.0,CASH_IN,WRONG,MEDIUM RISK
11415,0,1,0.6310011287738917,1993.0,CASH_OUT,WRONG,MEDIUM RISK
3366,0,1,0.6042535480311938,5145.0,CASH_OUT,WRONG,MEDIUM RISK
5934,0,1,0.5650853440281225,8841.0,CASH_OUT,WRONG,MEDIUM RISK
17066,0,0,0.009202770398222794,22692.33,PAYMENT,CORRECT,LOW RISK
1403,1,1,0.6548882841095908,14207.0,CASH_OUT,CORRECT,MEDIUM RISK
11504,0,0,0.14460285632541106,2798.0,PAYMENT,CORRECT,LOW RISK
19680,0,0,0.00018425940726124248,118146.4,CASH_IN,CORRECT,LOW RISK
13890,0,0,0.1882199456565597,8800.24,PAYMENT,CORRECT,LOW RISK
6879,0,0,0.012346003633969158,0.0,CASH_OUT,CORRECT,LOW RISK
12596,0,0,0.26101661979105495,9133.64,PAYMENT,CORRECT,LOW RISK
16994,0,0,0.0323004356391182,16106.68,PAYMENT,CORRECT,LOW RISK
1849,1,1,0.8723891171026846,6160.0,TRANSFER,CORRECT,HIGH RISK
15623,0,0,0.06240580128825285,10515.64,PAYMENT,CORRECT,LOW RISK
4354,0,1,0.9198415301253131,9855.0,TRANSFER,WRONG,HIGH RISK
14487,0,0,0.2348322326724467,6240.68,PAYMENT,CORRECT,LOW RISK
10281,0,0,0.03743105557678161,0.0,PAYMENT,CORRECT,LOW RISK
3242,0,1,0.8590918708372146,5967.0,TRANSFER,WRONG,HIGH RISK
1432,1,1,0.6105749795040982,13992.0,CASH_IN,CORRECT,MEDIUM RISK
1005,1,0,0.4113069074125877,6837.0,CASH_IN,WRONG,MEDIUM RISK
14538,0,0,0.22234956884114676,5579.25,PAYMENT,CORRECT,LOW RISK
15932,0,0,0.049176757295710576,9644.81,PAYMENT,CORRECT,LOW RISK
1954,1,1,0.691819224343432,11019.0,CASH_OUT,CORRECT,MEDIUM RISK
3631,0,1,0.6312717006499158,20790.0,CASH_OUT,WRONG,MEDIUM RISK
712,1,1,0.9611880524158252,11221.0,TRANSFER,CORRECT,HIGH RISK
3228,0,1,0.7585201733208303,15267.0,CASH_OUT,WRONG,HIGH RISK
13889,0,0,0.1989930676293903,8941.98,PAYMENT,CORRECT,LOW RISK
11643,0,0,0.13969531956767775,825.0,PAYMENT,CORRECT,LOW RISK
8306,0,0,0.4650999176732746,91535.0,CASH_OUT,CORRECT,MEDIUM RISK
5939,0,1,0.5485171165434308,21434.0,CASH_OUT,WRONG,MEDIUM RISK
15175,0,0,0.37334774528264697,20232.97,CASH_OUT,CORRECT,MEDIUM RISK
17355,0,0,0.0026070863966092704,175833.99,CASH_IN,CORRECT,LOW RISK
6178,0,1,0.6783603005225948,22603.0,CASH_OUT,WRONG,MEDIUM RISK
2227,1,1,0.7295122825640479,1585.0,CASH_OUT,CORRECT,HIGH RISK
14796,0,0,0.05208519814828886,1942.04,PAYMENT,CORRECT,LOW RISK
9966,0,0,0.03743105557678161,0.0,PAYMENT,CORRECT,LOW RISK
8069,0,1,0.5999863026138672,34639.0,CASH_IN,WRONG,MEDIUM RISK
10290,0,0,0.012346003633969158,0.0,CASH_OUT,CORRECT,LOW RISK
7629,0,1,0.6182537971684888,135.0,CASH_OUT,WRONG,MEDIUM RISK
18586,0,0,0.021693462861202096,27421.77,CASH_IN,CORRECT,LOW RISK
2541,1,1,0.7698216652184939,16613.0,CASH_OUT,CORRECT,HIGH RISK
3886,0,1,0.7375235105456653,18946.0,CASH_OUT,WRONG,HIGH RISK
2278,1,1,0.6520087943054768,2062.0,CASH_OUT,CORRECT,MEDIUM RISK
3097,1,1,0.6909080076303247,17370.0,CASH_OUT,CORRECT,MEDIUM RISK
12962,0,0,0.11208595126133292,2377.41,PAYMENT,CORRECT,LOW RISK
3341,0,0,0.48401638596110624,845.0,CASH_IN,CORRECT,MEDIUM RISK
10657,0,0,0.03743105557678161,0.0,PAYMENT,CORRECT,LOW RISK
16515,0,0,0.0006286138716258783,209676.24,CASH_OUT,CORRECT,LOW RISK
18437,0,0,0.002598018263065864,240369.46,CASH_IN,CORRECT,LOW RISK
16644,0,0,0.1437538350351015,3179.81,PAYMENT,CORRECT,LOW RISK
9265,0,0,0.45467713394655296,43904.0,CASH_IN,CORRECT,MEDIUM RISK
18354,0,0,0.06931378503808225,90532.07,CASH_IN,CORRECT,LOW RISK
11389,0,0,0.012346003633969158,0.0,CASH_OUT,CORRECT,LOW RISK
13272,0,0,0.10830784287605606,10577.42,PAYMENT,CORRECT,LOW RISK
19786,0,0,0.0014977853114136457,102286.56,CASH_IN,CORRECT,LOW RISK
10438,0,0,0.03743105557678161,0.0,PAYMENT,CORRECT,LOW RISK
18258,0,0,0.003002775443707598,160484.71,CASH_IN,CORRECT,LOW RISK
8035,0,0,0.03743105557678161,0.0,PAYMENT,CORRECT,LOW RISK
5444,0,1,0.668990929192953,13632.0,CASH_OUT,WRONG,MEDIUM RISK
8459,0,0,0.03743105557678161,0.0,PAYMENT,CORRECT,LOW RISK
11492,0,0,0.03743105557678161,0.0,PAYMENT,CORRECT,LOW RISK
12533,0,0,0.13218142145796827,473.0,PAYMENT,CORRECT,LOW RISK
3657,0,1,0.6164659908067736,3723.0,CASH_OUT,WRONG,MEDIUM RISK
7360,0,0,0.012346003633969158,0.0,CASH_OUT,CORRECT,LOW RISK
9027,0,0,0.14119549286923308,13311.0,PAYMENT,CORRECT,LOW RISK
7564,0,0,0.012346003633969158,0.0,CASH_OUT,CORRECT,LOW RISK
19218,0,0,0.026491690722098556,222438.19,CASH_IN,CORRECT,LOW RISK
7631,0,0,0.012346003633969158,0.0,CASH_OUT,CORRECT,LOW RISK
3928,0,1,0.84200053650184,7621.0,TRANSFER,WRONG,HIGH RISK
16983,0,0,0.06856704628095561,17047.05,CASH_IN,CORRECT,LOW RISK
18345,0,0,0.04500061545072627,46862.48,CASH_IN,CORRECT,LOW RISK
2377,1,1,0.7006698825186318,344.0,CASH_OUT,CORRECT,HIGH RISK
13394,0,0,0.30557081958145454,9401.05,DEBIT,CORRECT,MEDIUM RISK
19562,0,0,0.03602002868870118,390102.41,CASH_IN,CORRECT,LOW RISK
1962,1,1,0.7206073239817725,126.0,CASH_OUT,CORRECT,HIGH RISK
9361,0,0,0.03743105557678161,0.0,PAYMENT,CORRECT,LOW RISK
10170,0,0,0.13650394303738086,109.0,PAYMENT,CORRECT,LOW RISK
10772,0,0,0.03743105557678161,0.0,PAYMENT,CORRECT,LOW RISK
10325,0,0,0.03743105557678161,0.0,PAYMENT,CORRECT,LOW RISK
9057,0,0,0.03743105557678161,0.0,PAYMENT,CORRECT,LOW RISK
3532,0,1,0.6782991972800947,11797.0,CASH_OUT,WRONG,MEDIUM RISK
19372,0,0,0.02742120668828726,427267.38,CASH_IN,CORRECT,LOW RISK
1817,1,1,0.7019718730046287,9787.0,CASH_OUT,CORRECT,HIGH RISK
8431,0,1,0.6307010587034343,156.0,CASH_OUT,WRONG,MEDIUM RISK
17201,0,0,0.018039346614196552,6651.17,PAYMENT,CORRECT,LOW RISK
18038,0,0,0.01673163311336381,233670.92,CASH_OUT,CORRECT,LOW RISK
9168,0,0,0.012346003633969158,0.0,CASH_OUT,CORRECT,LOW RISK
6807,0,1,0.6867344136143029,14540.0,CASH_OUT,WRONG,MEDIUM RISK
18634,0,0,0.06846179222594378,54719.36,CASH_IN,CORRECT,LOW RISK
913,1,1,0.6017967385333329,5182.0,CASH_OUT,CORRECT,MEDIUM RISK
816,1,1,0.9445572945557642,877.0,TRANSFER,CORRECT,HIGH RISK
2122,1,1,0.7469628304088778,17453.0,CASH_OUT,CORRECT,HIGH RISK
13205,1,0,0.16678746313534984,3181.68,PAYMENT,WRONG,LOW RISK
7998,0,0,0.03743105557678161,0.0,PAYMENT,CORRECT,LOW RISK
12300,0,0,0.03743105557678161,0.0,PAYMENT,CORRECT,LOW RISK
17873,0,0,0.006354877513643562,217914.69,CASH_IN,CORRECT,LOW RISK
14099,0,0,0.19190906909948463,5145.01,PAYMENT,CORRECT,LOW RISK
11759,0,0,0.03743105557678161,0.0,PAYMENT,CORRECT,LOW RISK
1059,1,1,0.9273453747214296,3114.0,TRANSFER,CORRECT,HIGH RISK
16478,0,0,0.0009628918007446332,15938.31,PAYMENT,CORRECT,LOW RISK
12818,0,0,0.11518537249719005,4649.77,PAYMENT,CORRECT,LOW RISK
11579,0,0,0.16792550688385802,232.0,PAYMENT,CORRECT,LOW RISK
18002,0,0,0.01749711444211745,60369.83,CASH_IN,CORRECT,LOW RISK
11979,0,0,0.012346003633969158,0.0,CASH_OUT,CORRECT,LOW RISK
7787,0,1,0.5388413792235768,9685.0,CASH_IN,WRONG,MEDIUM RISK
3959,0,1,0.7181612753181882,1664.0,CASH_OUT,WRONG,HIGH RISK
1599,1,1,0.623992183330889,24553.0,CASH_OUT,CORRECT,MEDIUM RISK
1116,1,0,0.30305601833225454,56391.0,CASH_OUT,WRONG,MEDIUM RISK
4955,0,1,0.7112242396230737,199.0,CASH_OUT,WRONG,HIGH RISK
8771,0,0,0.012346003633969158,0.0,CASH_OUT,CORRECT,LOW RISK
5650,0,1,0.9561689874684792,18201.0,TRANSFER,WRONG,HIGH RISK
18101,0,0,0.0567773794988,65934.83,CASH_IN,CORRECT,LOW RISK
8181,0,0,0.03743105557678161,0.0,PAYMENT,CORRECT,LOW RISK
2113,1,1,0.6821710473736237,3416.0,CASH_OUT,CORRECT,MEDIUM RISK
7633,0,1,0.6837261030000872,10686.0,CASH_OUT,WRONG,MEDIUM RISK
9547,0,1,0.8050671837683215,69294.0,TRANSFER,WRONG,HIGH RISK
17341,0,0,0.055329750934214085,98731.48,CASH_IN,CORRECT,LOW RISK
9420,0,0,0.012346003633969158,0.0,CASH_OUT,CORRECT,LOW RISK
13818,0,0,0.17943384823693262,10464.37,PAYMENT,CORRECT,LOW RISK
3440,0,1,0.7463092383730343,15630.0,CASH_OUT,WRONG,HIGH RISK
18026,0,0,0.01058252660281488,355240.82,CASH_IN,CORRECT,LOW RISK
871,1,1,0.5736005573371663,13293.0,CASH_OUT,CORRECT,MEDIUM RISK
1253,1,1,0.9408168660636193,15562.0,TRANSFER,CORRECT,HIGH RISK
8430,0,0,0.012346003633969158,0.0,CASH_OUT,CORRECT,LOW RISK
10619,0,0,0.12704021402366844,186.0,PAYMENT,CORRECT,LOW RISK
5183,0,1,0.7513471293178132,18535.0,CASH_OUT,WRONG,HIGH RISK
16230,0,0,0.003395588819288353,152312.85,CASH_IN,CORRECT,LOW RISK
2678,1,1,0.6690852855266795,14731.0,CASH_OUT,CORRECT,MEDIUM RISK
16127,0,0,0.0466776067633288,22932.48,PAYMENT,CORRECT,LOW RISK
8339,0,0,0.012346003633969158,0.0,CASH_OUT,CORRECT,LOW RISK
13515,0,0,0.11265876636324858,3290.15,PAYMENT,CORRECT,LOW RISK
4738,0,0,0.4717194473985751,134766.0,TRANSFER,CORRECT,MEDIUM RISK
18435,0,0,0.013465541584817125,379499.46,CASH_IN,CORRECT,LOW RISK
6636,0,1,0.7073215268409818,21679.0,CASH_OUT,WRONG,HIGH RISK
698,1,1,0.943123971573973,859.0,TRANSFER,CORRECT,HIGH RISK
4799,0,1,0.6642824054953711,133.0,CASH_OUT,WRONG,MEDIUM RISK
3847,0,1,0.6084205960228232,565.0,CASH_OUT,WRONG,MEDIUM RISK
12340,0,0,0.03743105557678161,0.0,PAYMENT,CORRECT,LOW RISK
106,1,1,0.9084343617682903,13482.0,TRANSFER,CORRECT,HIGH RISK
13799,0,0,0.12707220649307893,12903.19,PAYMENT,CORRECT,LOW RISK
15958,0,0,0.01650982778500773,1549.74,PAYMENT,CORRECT,LOW RISK
9462,0,0,0.03743105557678161,0.0,PAYMENT,CORRECT,LOW RISK
9560,0,0,0.03743105557678161,0.0,PAYMENT,CORRECT,LOW RISK
12745,0,1,0.8873072202386713,10071.02,TRANSFER,WRONG,HIGH RISK
19004,0,0,0.0,394888.97,CASH_IN,CORRECT,LOW RISK
3752,0,1,0.5142081654245881,24313.0,CASH_OUT,WRONG,MEDIUM RISK
7670,0,0,0.012346003633969158,0.0,CASH_OUT,CORRECT,LOW RISK
9416,0,0,0.03743105557678161,0.0,PAYMENT,CORRECT,LOW RISK
12598,0,1,0.6590350876700191,6157.84,CASH_IN,WRONG,MEDIUM RISK
19766,0,0,0.0011172008154262609,42773.48,CASH_IN,CORRECT,LOW RISK
5220,0,1,0.6963998271168239,7423.0,CASH_OUT,WRONG,MEDIUM RISK
16322,0,0,0.01264352364383995,278376.07,CASH_IN,CORRECT,LOW RISK
5995,0,1,0.7677100021541058,20605.0,CASH_OUT,WRONG,HIGH RISK
1,1,1,0.9555351869838266,16971.0,TRANSFER,CORRECT,HIGH RISK
14928,0,0,0.13147418813011577,14462.47,PAYMENT,CORRECT,LOW RISK
5593,0,1,0.6525225770289944,340.0,CASH_OUT,WRONG,MEDIUM RISK
5224,0,1,0.73901506437944,4753.0,CASH_OUT,WRONG,HIGH RISK
13018,0,0,0.13010370373536986,9780.84,PAYMENT,CORRECT,LOW RISK
17047,0,0,0.02961492233430947,33931.67,PAYMENT,CORRECT,LOW RISK
8179,0,0,0.3455378718376032,32900.0,CASH_OUT,CORRECT,MEDIUM RISK
3506,0,1,0.5396228253756805,14977.0,CASH_OUT,WRONG,MEDIUM RISK
11960,0,0,0.03743105557678161,0.0,PAYMENT,CORRECT,LOW RISK
8090,0,1,0.606768989285838,19881.0,CASH_OUT,WRONG,MEDIUM RISK
9819,0,0,0.03743105557678161,0.0,PAYMENT,CORRECT,LOW RISK
7085,0,1,0.621785125041542,1563.0,CASH_OUT,WRONG,MEDIUM RISK
83,1,1,0.9560395790632482,19096.0,TRANSFER,CORRECT,HIGH RISK
4953,0,0,0.4663328985249299,24276.0,CASH_OUT,CORRECT,MEDIUM RISK
2568,1,0,0.31622828870178893,131579.0,CASH_OUT,WRONG,MEDIUM RISK
2552,1,1,0.6991805923140864,11075.0,CASH_OUT,CORRECT,MEDIUM RISK
16606,0,0,0.018372201382601917,5135.87,PAYMENT,CORRECT,LOW RISK
13341,0,1,0.6311893342303356,776.19,CASH_OUT,WRONG,MEDIUM RISK
16636,0,0,0.011843247917249009,140645.83,CASH_OUT,CORRECT,LOW RISK
3850,1,1,0.5705885345422708,13526.0,CASH_IN,CORRECT,MEDIUM RISK
201,1,1,0.8698366352000115,175.0,TRANSFER,CORRECT,HIGH RISK
2691,1,1,0.6243139424971974,4318.0,CASH_OUT,CORRECT,MEDIUM RISK
15022,0,0,0.0334030905127571,7067.03,PAYMENT,CORRECT,LOW RISK
13180,0,1,0.6039965247764971,12737.53,CASH_OUT,WRONG,MEDIUM RISK
19312,0,0,0.021293349342864486,176241.6,CASH_IN,CORRECT,LOW RISK
323,1,1,0.9435900030136264,24716.0,TRANSFER,CORRECT,HIGH RISK
8526,0,0,0.3409403992736687,58264.0,CASH_IN,CORRECT,MEDIUM RISK
19573,0,0,0.0011239150079985546,76858.0,CASH_IN,CORRECT,LOW RISK
4693,0,1,0.5739390580391719,1133.0,CASH_OUT,WRONG,MEDIUM RISK
16327,0,0,0.0590089858266449,16083.42,CASH_OUT,CORRECT,LOW RISK
7373,0,1,0.8433935482958502,1694.0,TRANSFER,WRONG,HIGH RISK
5538,0,1,0.5206031818930061,84.0,CASH_OUT,WRONG,MEDIUM RISK
4213,0,0,0.47722447277791524,25.0,CASH_IN,CORRECT,MEDIUM RISK
9206,0,0,0.012346003633969158,0.0,CASH_OUT,CORRECT,LOW RISK
16011,0,0,0.035358946954184005,22502.27,PAYMENT,CORRECT,LOW RISK
4686,0,1,0.5004756884892204,19887.0,CASH_IN,WRONG,MEDIUM RISK
13781,0,0,0.16166201723203366,11273.67,PAYMENT,CORRECT,LOW RISK
16383,0,0,0.0009628918007446332,13530.35,PAYMENT,CORRECT,LOW RISK
13846,0,0,0.06361314905535426,1921.86,PAYMENT,CORRECT,LOW RISK
18223,0,0,0.0287767437190746,84894.6,CASH_IN,CORRECT,LOW RISK
2467,1,0,0.49446887765710024,12943.0,CASH_IN,WRONG,MEDIUM RISK
8626,0,0,0.4502020531553693,45335.0,CASH_IN,CORRECT,MEDIUM RISK
3204,0,0,0.1233637526203983,90376.0,CASH_OUT,CORRECT,LOW RISK
3719,0,1,0.6738578000433383,9191.0,CASH_OUT,WRONG,MEDIUM RISK
8196,0,1,0.6139096071746599,616.0,CASH_OUT,WRONG,MEDIUM RISK
7154,0,0,0.012346003633969158,0.0,CASH_OUT,CORRECT,LOW RISK
8122,0,0,0.01851502776025982,213057.0,CASH_OUT,CORRECT,LOW RISK
16315,0,0,0.02912512493709098,26721.32,PAYMENT,CORRECT,LOW RISK
13853,0,0,0.31468957019613925,29637.93,PAYMENT,CORRECT,MEDIUM RISK
16602,0,0,0.01293979956861299,8595.55,PAYMENT,CORRECT,LOW RISK
15006,1,0,0.021630525886478628,4507.09,PAYMENT,WRONG,LOW RISK
19160,0,0,0.022252811196710152,185779.79,CASH_IN,CORRECT,LOW RISK
5061,0,1,0.6174656147188093,21719.0,CASH_OUT,WRONG,MEDIUM RISK
10878,0,0,0.0,0.0,DEBIT,CORRECT,LOW RISK
3996,0,1,0.5608591439342409,7811.0,CASH_IN,WRONG,MEDIUM RISK
19478,0,0,0.0737110949439396,70232.97,CASH_IN,CORRECT,LOW RISK
15642,0,0,0.007666341419164116,192574.34,CASH_OUT,CORRECT,LOW RISK
19870,0,0,0.00018425940726124248,130295.49,CASH_IN,CORRECT,LOW RISK
1945,1,1,0.7018090521388787,1964.0,CASH_OUT,CORRECT,HIGH RISK
6641,0,1,0.7445501067988133,17428.0,CASH_OUT,WRONG,HIGH RISK
9468,0,0,0.1854724955491006,31.0,PAYMENT,CORRECT,LOW RISK
8846,0,0,0.03743105557678161,0.0,PAYMENT,CORRECT,LOW RISK
15133,0,0,0.03509797614970043,1324.33,PAYMENT,CORRECT,LOW RISK
10495,0,0,0.03743105557678161,0.0,PAYMENT,CORRECT,LOW RISK
5866,0,1,0.6597713233192352,12519.0,CASH_OUT,WRONG,MEDIUM RISK
19549,0,0,0.015137970139345973,58799.09,CASH_IN,CORRECT,LOW RISK
16457,0,0,0.004941334112863295,6492.63,PAYMENT,CORRECT,LOW RISK
17498,0,0,0.016880676854282295,4084.9,PAYMENT,CORRECT,LOW RISK
12995,0,0,0.11318934176599914,14651.56,PAYMENT,CORRECT,LOW RISK
3112,1,1,0.6126283603684041,38.0,CASH_OUT,CORRECT,MEDIUM RISK
3636,0,1,0.6874562265290346,2044.0,CASH_OUT,WRONG,MEDIUM RISK
13789,0,0,0.37004296515099155,36067.05,PAYMENT,CORRECT,MEDIUM RISK
15314,0,0,0.033360786548259545,2415.78,PAYMENT,CORRECT,LOW RISK
3602,0,1,0.5334424455992675,2125.0,CASH_OUT,WRONG,MEDIUM RISK
5584,0,0,0.4805270176191869,8949.0,CASH_IN,CORRECT,MEDIUM RISK
19903,0,0,0.004970722775211081,107667.2,CASH_IN,CORRECT,LOW RISK
1654,1,1,0.730382930460525,9400.0,CASH_OUT,CORRECT,HIGH RISK
2217,1,1,0.7244951719584379,15385.0,CASH_OUT,CORRECT,HIGH RISK
14691,0,0,0.161035343954208,2750.54,PAYMENT,CORRECT,LOW RISK
677,1,1,0.5345954179307381,23240.0,CASH_IN,CORRECT,MEDIUM RISK
13481,0,0,0.11809641189967436,8007.37,PAYMENT,CORRECT,LOW RISK
18902,0,0,0.006125585183203921,278868.43,CASH_IN,CORRECT,LOW RISK
1456,1,1,0.6777418457648992,12216.0,CASH_OUT,CORRECT,MEDIUM RISK
9469,0,0,0.03743105557678161,0.0,PAYMENT,CORRECT,LOW RISK
13771,0,0,0.27196181437230943,2029.56,DEBIT,CORRECT,LOW RISK
3926,0,1,0.5612919916021228,1163.0,CASH_OUT,WRONG,MEDIUM RISK
5561,0,1,0.703541968220976,15034.0,CASH_OUT,WRONG,HIGH RISK
3954,0,1,0.6843478430114028,15694.0,CASH_OUT,WRONG,MEDIUM RISK
15534,0,0,0.016695914966970683,262449.85,CASH_IN,CORRECT,LOW RISK
13031,0,0,0.13349241509929916,2293.2,PAYMENT,CORRECT,LOW RISK
12960,0,0,0.11353133907435334,5638.85,PAYMENT,CORRECT,LOW RISK
869,1,1,0.9274565435556092,816.0,TRANSFER,CORRECT,HIGH RISK
19568,0,0,0.05894038627061076,6924.08,CASH_IN,CORRECT,LOW RISK
16896,0,0,0.011251894432678074,7855.99,PAYMENT,CORRECT,LOW RISK
11804,0,0,0.03743105557678161,0.0,PAYMENT,CORRECT,LOW RISK
12710,0,0,0.1951039242961417,20292.16,PAYMENT,CORRECT,LOW RISK
19899,0,0,0.004957609181434098,226242.7,CASH_IN,CORRECT,LOW RISK
17675,0,0,0.3446965618995042,261660.61,TRANSFER,CORRECT,MEDIUM RISK
3316,0,1,0.6348555463948358,14640.0,CASH_OUT,WRONG,MEDIUM RISK
3409,0,1,0.7359406489567364,9658.0,CASH_OUT,WRONG,HIGH RISK
36,1,1,0.9225591927583051,14027.0,TRANSFER,CORRECT,HIGH RISK
7550,0,1,0.6563170049097969,818.0,CASH_OUT,WRONG,MEDIUM RISK
16341,0,0,0.0037468513316957462,15387.65,PAYMENT,CORRECT,LOW RISK
9959,0,0,0.03743105557678161,0.0,PAYMENT,CORRECT,LOW RISK
14695,0,0,0.12480249060184445,1849.4,PAYMENT,CORRECT,LOW RISK
11831,0,0,0.03743105557678161,0.0,PAYMENT,CORRECT,LOW RISK
5608,0,1,0.518992903413946,9047.0,CASH_OUT,WRONG,MEDIUM RISK
5303,0,0,0.3805500638011555,5406.0,CASH_IN,CORRECT,MEDIUM RISK
17963,0,0,0.03853785773022353,27265.43,CASH_IN,CORRECT,LOW RISK
10765,0,0,0.03743105557678161,0.0,PAYMENT,CORRECT,LOW RISK
53,1,1,0.9576179669486029,11561.0,TRANSFER,CORRECT,HIGH RISK
2048,1,1,0.5174189256492965,472.0,CASH_OUT,CORRECT,MEDIUM RISK
15318,0,0,0.027420566184120254,153056.32,CASH_IN,CORRECT,LOW RISK
3986,0,0,0.29216747294114337,40526.0,CASH_OUT,CORRECT,LOW RISK
18462,0,0,0.009801300609570305,107036.57,CASH_IN,CORRECT,LOW RISK
7609,0,1,0.5175571977444142,970.0,CASH_IN,WRONG,MEDIUM RISK
17298,0,0,0.01156097548933024,3965.69,PAYMENT,CORRECT,LOW RISK
897,1,1,0.8178418231238648,5030.0,TRANSFER,CORRECT,HIGH RISK
4449,0,1,0.5679836953476407,5062.0,CASH_OUT,WRONG,MEDIUM RISK
18976,0,0,0.08049036391130407,3955.15,CASH_IN,CORRECT,LOW RISK
5075,0,1,0.5351650839984267,3407.0,CASH_IN,WRONG,MEDIUM RISK
19365,0,0,0.001065950686013009,22398.15,CASH_IN,CORRECT,LOW RISK
7269,0,0,0.012346003633969158,0.0,CASH_OUT,CORRECT,LOW RISK
1862,1,1,0.5848186188781423,6677.0,CASH_OUT,CORRECT,MEDIUM RISK
6605,0,1,0.6637461425252958,2887.0,CASH_OUT,WRONG,MEDIUM RISK
13340,0,0,0.23572594830065538,34211.29,PAYMENT,CORRECT,LOW RISK
5076,1,1,0.6883124486495668,22234.0,CASH_OUT,CORRECT,MEDIUM RISK
1340,1,1,0.9092935265152307,791.0,TRANSFER,CORRECT,HIGH RISK
16311,0,0,0.005149670212808015,10945.06,PAYMENT,CORRECT,LOW RISK
14844,0,0,0.060882188835264174,185877.48,CASH_OUT,CORRECT,LOW RISK
11788,0,0,0.03743105557678161,0.0,PAYMENT,CORRECT,LOW RISK
16359,0,0,0.004533949653734953,4743.03,PAYMENT,CORRECT,LOW RISK
16506,0,0,0.07552235681512352,30680.53,PAYMENT,CORRECT,LOW RISK
921,1,1,0.5811702462654259,11524.0,CASH_OUT,CORRECT,MEDIUM RISK
6432,0,1,0.595362202545236,8561.0,CASH_OUT,WRONG,MEDIUM RISK
2845,1,1,0.6106138153112268,5905.0,CASH_OUT,CORRECT,MEDIUM RISK
8211,0,0,0.012346003633969158,0.0,CASH_OUT,CORRECT,LOW RISK
16831,0,0,0.0940263480512866,34194.99,CASH_IN,CORRECT,LOW RISK
7589,0,1,0.5731920034855006,3500.0,CASH_OUT,WRONG,MEDIUM RISK
8613,0,0,0.012346003633969158,0.0,CASH_OUT,CORRECT,LOW RISK
5349,0,0,0.3296799504539401,87280.0,CASH_OUT,CORRECT,MEDIUM RISK
6722,0,1,0.9266012005860343,7642.0,TRANSFER,WRONG,HIGH RISK
16477,0,0,0.010795646449396757,6999.14,PAYMENT,CORRECT,LOW RISK
16310,0,0,0.05669646005161133,50827.41,CASH_OUT,CORRECT,LOW RISK
9175,0,0,0.10597884791762732,94.0,PAYMENT,CORRECT,LOW RISK
4991,0,1,0.5751932095353968,451.0,CASH_OUT,WRONG,MEDIUM RISK
5713,0,1,0.5921420136276564,396.0,CASH_OUT,WRONG,MEDIUM RISK
10407,0,0,0.03743105557678161,0.0,PAYMENT,CORRECT,LOW RISK
3253,0,1,0.6573640192070478,3677.0,CASH_OUT,WRONG,MEDIUM RISK
13911,0,0,0.12843652865509905,7895.41,PAYMENT,CORRECT,LOW RISK
2755,1,1,0.730068338619231,137.0,CASH_OUT,CORRECT,HIGH RISK
11687,0,0,0.06779241512303219,9831.0,PAYMENT,CORRECT,LOW RISK
5118,0,1,0.7549073586754236,23577.0,CASH_OUT,WRONG,HIGH RISK
9859,0,0,0.18555469222715143,5516.0,PAYMENT,CORRECT,LOW RISK
9443,0,0,0.012346003633969158,0.0,CASH_OUT,CORRECT,LOW RISK
2778,1,1,0.7973066262031948,86853.0,TRANSFER,CORRECT,HIGH RISK
9116,0,1,0.6800363482439983,11680.0,CASH_OUT,WRONG,MEDIUM RISK
6954,0,0,0.012346003633969158,0.0,CASH_OUT,CORRECT,LOW RISK
5883,0,1,0.6998815648943584,2829.0,CASH_OUT,WRONG,MEDIUM RISK
10721,0,0,0.3894872374869255,56165.0,CASH_IN,CORRECT,MEDIUM RISK
1975,1,1,0.5711515790145003,10262.0,CASH_IN,CORRECT,MEDIUM RISK
16704,0,0,0.001034274053631327,8933.58,PAYMENT,CORRECT,LOW RISK
5468,0,0,0.2515432841335855,30838.0,CASH_OUT,CORRECT,LOW RISK
8082,0,0,0.45145277506798265,16950.0,CASH_IN,CORRECT,MEDIUM RISK
9364,0,0,0.03743105557678161,0.0,PAYMENT,CORRECT,LOW RISK
17814,0,0,0.00793900295897493,444612.32,CASH_IN,CORRECT,LOW RISK
6778,0,0,0.012346003633969158,0.0,CASH_OUT,CORRECT,LOW RISK
6567,0,1,0.8862831649740113,2348.0,TRANSFER,WRONG,HIGH RISK
19347,0,0,0.014402249342950098,213490.08,CASH_IN,CORRECT,LOW RISK
3726,0,1,0.7335480335838853,15896.0,CASH_OUT,WRONG,HIGH RISK
1428,1,1,0.6709359046777185,12146.0,CASH_OUT,CORRECT,MEDIUM RISK
82,1,1,0.9287189967610268,16102.0,TRANSFER,CORRECT,HIGH RISK
5691,0,0,0.4203743539301917,35175.0,CASH_IN,CORRECT,MEDIUM RISK
8212,0,1,0.576878379328987,196.0,CASH_IN,WRONG,MEDIUM RISK
19898,0,0,0.013258779491494885,282061.19,CASH_IN,CORRECT,LOW RISK
14740,0,0,0.10673856710330057,6061.25,PAYMENT,CORRECT,LOW RISK
15659,0,0,0.050160653676383095,2352.24,PAYMENT,CORRECT,LOW RISK
19271,0,0,0.01151723324184364,132995.35,CASH_IN,CORRECT,LOW RISK
13813,0,1,0.6255192297623743,3905.74,CASH_OUT,WRONG,MEDIUM RISK
5123,0,1,0.7043772303777293,865.0,CASH_OUT,WRONG,HIGH RISK
11770,0,0,0.012346003633969158,0.0,CASH_OUT,CORRECT,LOW RISK
7628,0,1,0.7402719123953778,10066.0,CASH_OUT,WRONG,HIGH RISK
3553,0,1,0.5355001858615624,26395.0,CASH_OUT,WRONG,MEDIUM RISK
1495,1,1,0.9447154302014131,3763.0,TRANSFER,CORRECT,HIGH RISK
15558,0,0,0.04099087643949134,17382.66,PAYMENT,CORRECT,LOW RISK
14692,0,0,0.17269134717668624,2039.23,PAYMENT,CORRECT,LOW RISK
15253,0,0,0.12994019683693397,2742.72,PAYMENT,CORRECT,LOW RISK
1775,1,1,0.5651297003335787,19437.0,CASH_OUT,CORRECT,MEDIUM RISK
12606,0,0,0.2556422639730885,27050.81,PAYMENT,CORRECT,LOW RISK
7363,0,0,0.012346003633969158,0.0,CASH_OUT,CORRECT,LOW RISK
5603,0,1,0.6626472767946053,3290.0,CASH_OUT,WRONG,MEDIUM RISK
19594,0,0,0.0051069034063597465,181685.08,CASH_IN,CORRECT,LOW RISK
12170,0,0,0.15431226505062567,533.0,PAYMENT,CORRECT,LOW RISK
10947,0,1,0.5532614992152759,5857.0,CASH_IN,WRONG,MEDIUM RISK
8623,0,0,0.012346003633969158,0.0,CASH_OUT,CORRECT,LOW RISK
13777,0,0,0.17013814397925484,21372.14,PAYMENT,CORRECT,LOW RISK
19149,0,0,0.0008110239085869556,537785.76,CASH_IN,CORRECT,LOW RISK
4274,0,0,0.16323772427026995,64039.0,CASH_OUT,CORRECT,LOW RISK
2133,1,1,0.6570484785238426,69.0,CASH_OUT,CORRECT,MEDIUM RISK
11033,0,0,0.12497276007487317,2068.0,PAYMENT,CORRECT,LOW RISK
18614,0,0,0.0006385879622444169,265706.82,CASH_IN,CORRECT,LOW RISK
4627,0,1,0.7353841490876225,15365.0,CASH_OUT,WRONG,HIGH RISK
3289,0,1,0.6510158031313915,15182.0,CASH_OUT,WRONG,MEDIUM RISK
19329,0,0,0.047823483336384365,334578.78,CASH_IN,CORRECT,LOW RISK
2875,1,0,0.35301556861102107,53145.0,CASH_OUT,WRONG,MEDIUM RISK
14189,0,0,0.16157992637225452,1692.8,PAYMENT,CORRECT,LOW RISK
13627,0,0,0.21711165985162267,5019.15,DEBIT,CORRECT,LOW RISK
1259,1,0,0.4874536442370264,662.0,CASH_OUT,WRONG,MEDIUM RISK
9761,0,0,0.03743105557678161,0.0,PAYMENT,CORRECT,LOW RISK
8427,0,0,0.012346003633969158,0.0,CASH_OUT,CORRECT,LOW RISK
2428,1,1,0.7544099731063352,5284.0,CASH_OUT,CORRECT,HIGH RISK
7263,0,0,0.012346003633969158,0.0,CASH_OUT,CORRECT,LOW RISK
5007,0,1,0.6455281465878732,611.0,CASH_OUT,WRONG,MEDIUM RISK
11423,0,0,0.0,0.0,TRANSFER,CORRECT,LOW RISK
8911,0,1,0.5978864959131025,43577.0,CASH_OUT,WRONG,MEDIUM RISK
12329,0,0,0.07427901929742504,8282.0,PAYMENT,CORRECT,LOW RISK
17859,0,0,0.0034229253058925936,134686.25,CASH_IN,CORRECT,LOW RISK
1850,1,0,0.4213606489533744,2169.0,CASH_IN,WRONG,MEDIUM RISK
4395,0,0,0.37490718077437285,2776.0,CASH_IN,CORRECT,MEDIUM RISK
9195,0,1,0.638625301118238,9374.0,CASH_IN,WRONG,MEDIUM RISK
11160,0,0,0.03743105557678161,0.0,PAYMENT,CORRECT,LOW RISK
12306,0,0,0.03743105557678161,0.0,PAYMENT,CORRECT,LOW RISK
2657,1,1,0.5421085276308826,25280.0,CASH_OUT,CORRECT,MEDIUM RISK
14215,0,1,0.6473020700021489,289446.24,TRANSFER,WRONG,MEDIUM RISK
3165,0,1,0.5925295703483485,929.0,CASH_OUT,WRONG,MEDIUM RISK
10175,0,0,0.03743105557678161,0.0,PAYMENT,CORRECT,LOW RISK
7464,0,0,0.012346003633969158,0.0,CASH_OUT,CORRECT,LOW RISK
5289,0,1,0.7535622284247344,6377.0,CASH_OUT,WRONG,HIGH RISK
9413,0,0,0.03743105557678161,0.0,PAYMENT,CORRECT,LOW RISK
4796,0,0,0.4714595337383355,17184.0,CASH_IN,CORRECT,MEDIUM RISK
11626,0,0,0.03743105557678161,0.0,PAYMENT,CORRECT,LOW RISK
18507,0,0,0.04081925765369994,15105.6,CASH_IN,CORRECT,LOW RISK
386,1,1,0.807715393368413,8313.0,TRANSFER,CORRECT,HIGH RISK
3695,0,1,0.6275238264080281,40838.0,CASH_OUT,WRONG,MEDIUM RISK
6906,0,0,0.3900093060749502,70201.0,CASH_OUT,CORRECT,MEDIUM RISK
13443,0,0,0.2561202247444051,29316.35,PAYMENT,CORRECT,LOW RISK
4296,0,1,0.5115956131535153,2975.0,CASH_IN,WRONG,MEDIUM RISK
1290,1,0,0.47066266975821763,56.0,CASH_OUT,WRONG,MEDIUM RISK
1621,1,0,0.17261864051227346,130376.0,CASH_OUT,WRONG,LOW RISK
18361,0,0,0.07673354790627547,48382.49,CASH_IN,CORRECT,LOW RISK
17778,0,0,0.0,285550.57,CASH_IN,CORRECT,LOW RISK
17296,0,0,0.07702738474389238,67698.14,CASH_OUT,CORRECT,LOW RISK
9010,0,0,0.13983350037135633,195.0,PAYMENT,CORRECT,LOW RISK
10259,0,0,0.03743105557678161,0.0,PAYMENT,CORRECT,LOW RISK
19353,0,0,0.01857501033632556,120525.71,CASH_IN,CORRECT,LOW RISK
9564,0,0,0.48092214953229123,6974.0,CASH_IN,CORRECT,MEDIUM RISK
7153,0,0,0.39553775951767994,2758.0,CASH_IN,CORRECT,MEDIUM RISK
7291,0,0,0.315294815705779,3151.0,CASH_OUT,CORRECT,MEDIUM RISK
14611,0,0,0.4873711159407971,3410.69,CASH_OUT,CORRECT,MEDIUM RISK
19915,0,0,0.0,195013.32,CASH_IN,CORRECT,LOW RISK
5436,0,1,0.7413498420009347,8508.0,CASH_OUT,WRONG,HIGH RISK
12374,0,0,0.2137220607725518,228.0,PAYMENT,CORRECT,LOW RISK
12835,0,0,0.07485185845940104,6949.58,PAYMENT,CORRECT,LOW RISK
10952,0,0,0.03743105557678161,0.0,PAYMENT,CORRECT,LOW RISK
4904,0,0,0.4876188923576554,9458.0,CASH_OUT,CORRECT,MEDIUM RISK
5214,0,1,0.5727069529736358,18098.0,CASH_OUT,WRONG,MEDIUM RISK
16193,0,0,0.00463821864781137,4702.8,PAYMENT,CORRECT,LOW RISK
10085,0,0,0.03743105557678161,0.0,PAYMENT,CORRECT,LOW RISK
5260,0,1,0.7393081031257727,8064.0,CASH_OUT,WRONG,HIGH RISK
975,1,1,0.9078258666324566,5475.0,TRANSFER,CORRECT,HIGH RISK
5347,0,1,0.730405611110615,503.0,CASH_OUT,WRONG,HIGH RISK
10510,0,0,0.03743105557678161,0.0,PAYMENT,CORRECT,LOW RISK
11467,0,0,0.03743105557678161,0.0,PAYMENT,CORRECT,LOW RISK
11895,0,0,0.03743105557678161,0.0,PAYMENT,CORRECT,LOW RISK
3149,1,1,0.6118694543170876,19198.0,CASH_OUT,CORRECT,MEDIUM RISK
14235,0,0,0.12232752128347123,3599.38,PAYMENT,CORRECT,LOW RISK
2508,1,0,0.4266736181734142,3656.0,CASH_IN,WRONG,MEDIUM RISK
15885,0,0,0.09398122057305885,10147.48,PAYMENT,CORRECT,LOW RISK
19796,0,0,0.0011172008154262609,48281.42,CASH_IN,CORRECT,LOW RISK
371,1,1,0.8773078458305384,16532.0,TRANSFER,CORRECT,HIGH RISK
9313,0,0,0.1442385762320002,13320.0,PAYMENT,CORRECT,LOW RISK
1582,1,0,0.4263999573831933,27128.0,CASH_OUT,WRONG,MEDIUM RISK
1065,1,0,0.47762010260969034,7036.0,CASH_IN,WRONG,MEDIUM RISK
2577,1,1,0.677325422288121,22564.0,CASH_OUT,CORRECT,MEDIUM RISK
15827,0,0,0.029421824161293384,9102.03,PAYMENT,CORRECT,LOW RISK
8970,0,0,0.03743105557678161,0.0,PAYMENT,CORRECT,LOW RISK
8297,0,1,0.6014369725338998,1412.0,CASH_OUT,WRONG,MEDIUM RISK
4059,0,1,0.7523871273466451,8748.0,CASH_OUT,WRONG,HIGH RISK
14079,0,0,0.22058529968570148,4931.08,DEBIT,CORRECT,LOW RISK
8186,0,0,0.03743105557678161,0.0,PAYMENT,CORRECT,LOW RISK
7267,0,0,0.12416153082988896,114720.0,CASH_IN,CORRECT,LOW RISK
16931,0,0,0.010286916022073555,28120.84,PAYMENT,CORRECT,LOW RISK
16913,0,0,0.026899231636685266,37304.03,PAYMENT,CORRECT,LOW RISK
7686,0,0,0.012346003633969158,0.0,CASH_OUT,CORRECT,LOW RISK
10532,0,0,0.03743105557678161,0.0,PAYMENT,CORRECT,LOW RISK
10425,0,0,0.03743105557678161,0.0,PAYMENT,CORRECT,LOW RISK
115,1,1,0.8820521733048972,10937.0,TRANSFER,CORRECT,HIGH RISK
1524,1,1,0.7142928457033934,2223.0,CASH_OUT,CORRECT,HIGH RISK
18967,0,0,0.12119892436868085,178072.71,CASH_IN,CORRECT,LOW RISK
8354,0,0,0.03743105557678161,0.0,PAYMENT,CORRECT,LOW RISK
6884,0,0,0.3949429792122314,28336.0,CASH_OUT,CORRECT,MEDIUM RISK
9968,0,0,0.1128922294162265,5176.0,PAYMENT,CORRECT,LOW RISK
1460,1,1,0.7432525026211083,15711.0,CASH_OUT,CORRECT,HIGH RISK
6836,0,1,0.751046035752413,6270.0,CASH_OUT,WRONG,HIGH RISK
7391,0,0,0.16789030896764992,61298.0,CASH_OUT,CORRECT,LOW RISK
17332,0,0,0.010176424660266255,9417.89,PAYMENT,CORRECT,LOW RISK
8643,0,0,0.012346003633969158,0.0,CASH_OUT,CORRECT,LOW RISK
16130,0,0,0.02103021151136276,10966.1,PAYMENT,CORRECT,LOW RISK
6545,0,1,0.7256964839803876,6000.0,CASH_OUT,WRONG,HIGH RISK
17352,0,0,0.011391576859490651,10143.36,PAYMENT,CORRECT,LOW RISK
12875,0,0,0.07743595726377067,359.87,PAYMENT,CORRECT,LOW RISK
3612,0,1,0.7287231909045999,13514.0,CASH_OUT,WRONG,HIGH RISK
17734,0,0,0.027685265274572286,77510.7,CASH_IN,CORRECT,LOW RISK
11763,0,0,0.03743105557678161,0.0,PAYMENT,CORRECT,LOW RISK
16039,0,0,0.022933982625492746,2459.05,PAYMENT,CORRECT,LOW RISK
18955,0,0,0.04873280640091338,138759.36,CASH_IN,CORRECT,LOW RISK
18292,0,0,0.024084675849563145,396684.57,CASH_IN,CORRECT,LOW RISK
10633,0,0,0.15780832383762852,95.0,PAYMENT,CORRECT,LOW RISK
15748,0,0,0.1342326606405239,107069.23,CASH_OUT,CORRECT,LOW RISK
3857,0,1,0.5927977907724182,1471.0,CASH_OUT,WRONG,MEDIUM RISK
16642,0,0,0.13567117180728366,31097.79,PAYMENT,CORRECT,LOW RISK
1589,1,1,0.575428588607703,5001.0,CASH_OUT,CORRECT,MEDIUM RISK
6311,0,0,0.20595812450815024,13858.0,CASH_OUT,CORRECT,LOW RISK
7867,0,1,0.6753540875738037,8671.0,CASH_OUT,WRONG,MEDIUM RISK
10933,0,0,0.10352419150970647,69622.0,CASH_IN,CORRECT,LOW RISK
2612,1,1,0.6382402524184775,1411.0,CASH_OUT,CORRECT,MEDIUM RISK
19151,0,0,0.02286397585511519,174418.52,CASH_IN,CORRECT,LOW RISK
13147,0,0,0.1352165111655114,3540.04,PAYMENT,CORRECT,LOW RISK
14592,0,0,0.06932591115943267,81801.67,CASH_OUT,CORRECT,LOW RISK
6930,0,0,0.012346003633969158,0.0,CASH_OUT,CORRECT,LOW RISK
10372,0,0,0.03743105557678161,0.0,PAYMENT,CORRECT,LOW RISK
16072,0,0,0.03328094360553906,11102.58,PAYMENT,CORRECT,LOW RISK
6469,0,1,0.7596614040103615,6376.0,CASH_OUT,WRONG,HIGH RISK
8333,0,1,0.501457833241687,18908.0,CASH_IN,WRONG,MEDIUM RISK
15437,0,0,0.4420240857601023,48678.93,CASH_OUT,CORRECT,MEDIUM RISK
19361,0,0,0.009857326434960574,73794.33,CASH_IN,CORRECT,LOW RISK
13268,0,0,0.1127506267606916,2035.55,PAYMENT,CORRECT,LOW RISK
6297,0,1,0.5092704745747043,36131.0,CASH_OUT,WRONG,MEDIUM RISK
17429,0,0,0.10086959175964663,89810.24,CASH_IN,CORRECT,LOW RISK
12554,0,0,0.09160884294331266,4741.0,PAYMENT,CORRECT,LOW RISK
9799,0,0,0.03743105557678161,0.0,PAYMENT,CORRECT,LOW RISK
9806,0,0,0.03743105557678161,0.0,PAYMENT,CORRECT,LOW RISK
14468,0,0,0.20475462277652842,550.15,PAYMENT,CORRECT,LOW RISK
19751,0,0,0.00430187518220966,222562.12,CASH_IN,CORRECT,LOW RISK
4344,0,1,0.6871277106813081,23080.0,CASH_OUT,WRONG,MEDIUM RISK
4352,0,1,0.6141519751874003,4621.0,CASH_OUT,WRONG,MEDIUM RISK
4162,0,0,0.4740224045496371,4766.0,CASH_IN,CORRECT,MEDIUM RISK
391,1,1,0.9109664824414717,5450.0,TRANSFER,CORRECT,HIGH RISK
19127,0,0,0.02295235976173238,220474.44,CASH_IN,CORRECT,LOW RISK
7510,0,0,0.0,0.0,TRANSFER,CORRECT,LOW RISK
13118,0,0,0.08088173690835236,6910.41,PAYMENT,CORRECT,LOW RISK
14687,0,0,0.12874717520098022,1213.99,PAYMENT,CORRECT,LOW RISK
4347,0,1,0.6023100741604724,14097.0,CASH_OUT,WRONG,MEDIUM RISK
10993,0,0,0.03743105557678161,0.0,PAYMENT,CORRECT,LOW RISK
4058,0,1,0.7416956514516737,467.0,CASH_OUT,WRONG,HIGH RISK
2638,1,0,0.05823818980060585,242258.0,CASH_IN,WRONG,LOW RISK
10717,0,1,0.6295067274115081,13639.0,CASH_IN,WRONG,MEDIUM RISK
14560,0,1,0.6852839863984151,11194.27,CASH_OUT,WRONG,MEDIUM RISK
5781,0,1,0.6770127373647137,22312.0,CASH_OUT,WRONG,MEDIUM RISK
13270,0,0,0.0942657762985516,7381.03,PAYMENT,CORRECT,LOW RISK
6703,0,0,0.43117888275963745,56096.0,CASH_OUT,CORRECT,MEDIUM RISK
17833,0,0,0.1027016361158496,7193.08,CASH_IN,CORRECT,LOW RISK
17562,0,0,0.018149870063943963,3738.73,PAYMENT,CORRECT,LOW RISK
10251,0,0,0.03743105557678161,0.0,PAYMENT,CORRECT,LOW RISK
12739,0,0,0.15825351409459487,18044.81,PAYMENT,CORRECT,LOW RISK
7254,0,0,0.4897539150297834,4537.0,CASH_IN,CORRECT,MEDIUM RISK
12750,0,0,0.07282451008311956,10326.0,PAYMENT,CORRECT,LOW RISK
8685,0,0,0.03743105557678161,0.0,PAYMENT,CORRECT,LOW RISK
15583,0,0,0.05872000803124862,7411.57,PAYMENT,CORRECT,LOW RISK
11152,0,0,0.03743105557678161,0.0,PAYMENT,CORRECT,LOW RISK
13766,0,0,0.258486705295995,23581.15,PAYMENT,CORRECT,LOW RISK
1172,1,1,0.7329010091584621,224.0,CASH_OUT,CORRECT,HIGH RISK
17318,0,0,0.060536523762152884,11015.31,PAYMENT,CORRECT,LOW RISK
12311,0,0,0.20834827550926194,21.0,PAYMENT,CORRECT,LOW RISK
4654,0,1,0.8684029215592424,6171.0,TRANSFER,WRONG,HIGH RISK
15891,0,0,0.11170228218789431,5962.16,PAYMENT,CORRECT,LOW RISK
18306,0,0,0.024084675849563145,384537.73,CASH_IN,CORRECT,LOW RISK
3907,0,1,0.6933244767969614,573.0,CASH_OUT,WRONG,MEDIUM RISK
14173,0,0,0.14220176201860535,11832.36,PAYMENT,CORRECT,LOW RISK
11429,0,0,0.03743105557678161,0.0,PAYMENT,CORRECT,LOW RISK
2237,1,1,0.771285423411994,1866.0,CASH_OUT,CORRECT,HIGH RISK
19226,0,0,0.010633309435239961,157704.68,CASH_IN,CORRECT,LOW RISK
14380,0,0,0.10712416856619343,16251.8,PAYMENT,CORRECT,LOW RISK
14577,0,0,0.14192449430806417,14724.23,PAYMENT,CORRECT,LOW RISK
13847,0,0,0.09302953541556658,2967.98,PAYMENT,CORRECT,LOW RISK
7903,0,0,0.012346003633969158,0.0,CASH_OUT,CORRECT,LOW RISK
9204,0,0,0.03743105557678161,0.0,PAYMENT,CORRECT,LOW RISK
19834,0,0,0.0,163217.54,CASH_IN,CORRECT,LOW RISK
3293,0,1,0.6409113102509566,153.0,CASH_OUT,WRONG,MEDIUM RISK
16324,0,0,0.05435366864853387,57504.45,CASH_IN,CORRECT,LOW RISK
16278,0,0,0.043144389235862085,8124.01,PAYMENT,CORRECT,LOW RISK
9357,0,1,0.6568326830573367,14886.0,CASH_OUT,WRONG,MEDIUM RISK
8885,0,1,0.8766362092859142,5241.0,TRANSFER,WRONG,HIGH RISK
98,1,1,0.8899773878180218,2624.0,TRANSFER,CORRECT,HIGH RISK
